ref_id,doi,first_author,year,journal,title,gene_name,gene_alias,function_broad,function_specific,organism_studied,ko_id,kegg_name_short,kegg_name_full,ko_match_confidence,pfam_id,pfam_match_confidence,cazy_family,notes,review_reason,flag_no_ko,flag_no_pfam,flag_fuzzy_ko,flag_fuzzy_pfam,flag_no_doi,kegg_url,pubmed_search
Carpenter2018,10.3389/fmars.2018.00157,Carpenter,2018,Frontiers in Marine Science,Single-cell view of carbon and nitrogen acquisition in the mixotrophic alga Prymnesium parvum inferred from stable isotope tracers and NanoSIMS,C/N acquisition (nanoSIMS + gene expression),phagotrophy C;N uptake,Assimilation,Phagotrophic C and N assimilation rates,Prymnesium parvum,NA,NA,NA,unmatched,NA,unmatched,NA,nanoSIMS shows phagotrophy primary source of C and N under nutrient-limited conditions,no KO match — fill manually,TRUE,TRUE,FALSE,FALSE,FALSE,NA,https://pubmed.ncbi.nlm.nih.gov/?term=Carpenter%202018%20C/N%20acquisition%20(nanoSIMS%20+%20gene%20expression)
Terrado2017,10.1038/ismej.2017.68,Terrado,2017,The ISME Journal,Autotrophic and heterotrophic acquisition of carbon and nitrogen by a mixotrophic chrysophyte,C/N assimilation (phagotrophic pathway),phagotrophy C;N assimilation,Assimilation,Carbon and nitrogen uptake via phagotrophy vs photosynthesis,Ochromonas sp. (Chrysophyceae),NA,NA,NA,unmatched,NA,unmatched,NA,nanoSIMS + gene expression: phagotrophy dominant C/N source; photosynthesis secondary,no KO match — fill manually,TRUE,TRUE,FALSE,FALSE,FALSE,NA,https://pubmed.ncbi.nlm.nih.gov/?term=Terrado%202017%20C/N%20assimilation%20(phagotrophic%20pathway)
Schoener2017,10.1093/plankt/fbx014,Schoener,2017,Journal of Plankton Research,Growth grazing and inorganic C and N uptake in a mixotrophic and a heterotrophic ciliate,C/N uptake rates (ciliate mixotrophy vs heterotrophy),ciliate C;N uptake,Assimilation,Comparative C and N acquisition in ciliates,Favella sp. (mixotrophic); Strombidinopsis (heterotrophic),NA,NA,NA,unmatched,NA,unmatched,NA,Ciliate comparison: heterotrophic relies entirely on phagotrophy for C/N; mixotrophic supplements with photosynthesis,no KO match — fill manually,TRUE,TRUE,FALSE,FALSE,FALSE,NA,https://pubmed.ncbi.nlm.nih.gov/?term=Schoener%202017%20C/N%20uptake%20rates%20(ciliate%20mixotrophy%20vs%20heterotrophy)
Liu2015a,10.3389/fmicb.2015.00631,Liu,2015,Frontiers in Microbiology,Changes in gene expression of Prymnesium parvum induced by nitrogen and phosphorus limitation,alkaline phosphatase,ALPL;PhoA,Assimilation,Dissolved organic phosphorus remineralization,Prymnesium parvum,K01077,NA,NA,exact,PF00245.23,fuzzy,NA,Upregulated under P limitation; cleaves organic P from DOM,fuzzy PFAM — verify ID,FALSE,FALSE,FALSE,TRUE,FALSE,https://www.kegg.jp/entry/K01077,https://pubmed.ncbi.nlm.nih.gov/?term=Liu%202015%20alkaline%20phosphatase
Zielinski2016,10.1371/journal.pone.0160929,Zielinski,2016,PLoS ONE,Patterns of transcript abundance of eukaryotic biogeochemically-relevant genes in the Amazon River Plume,alkaline phosphatase (eukaryotic),ALPL,Assimilation,Organic phosphorus remineralization,Marine eukaryotes (Amazon Plume),K01077,NA,NA,exact,PF00245.23,fuzzy,NA,Biogeochemically relevant; eukaryotic phosphatase transcripts elevated in plume,fuzzy PFAM — verify ID,FALSE,FALSE,FALSE,TRUE,FALSE,https://www.kegg.jp/entry/K01077,https://pubmed.ncbi.nlm.nih.gov/?term=Zielinski%202016%20alkaline%20phosphatase%20(eukaryotic)
Liu2015a,10.3389/fmicb.2015.00631,Liu,2015,Frontiers in Microbiology,Changes in gene expression of Prymnesium parvum induced by nitrogen and phosphorus limitation,ammonium transporter,AMT;Rh protein,Assimilation,Ammonium uptake,Prymnesium parvum,K03320,"amt, AMT, MEP","ammonium transporter, Amt family",exact,PF00909.24,fuzzy,NA,Upregulated under N limitation in mixotrophic haptophyte,fuzzy PFAM — verify ID,FALSE,FALSE,FALSE,TRUE,FALSE,https://www.kegg.jp/entry/K03320,https://pubmed.ncbi.nlm.nih.gov/?term=Liu%202015%20ammonium%20transporter
Lie2018,10.1371/journal.pone.0192439,Lie,2018,PLoS ONE,A tale of two mixotrophic chrysophytes: insights into the metabolisms of two Ochromonas species,beta-oxidation (ACAD),ACAD;ACADS,Assimilation,Fatty acid beta-oxidation of prey lipids,Ochromonas sp. / O. sphaerocystis,K00249,"ACADM, acd",acyl-CoA dehydrogenase [EC:1.3.8.7],exact,NA,unmatched,NA,Differentially expressed between species under prey conditions,OK — verify gene name in paper,FALSE,TRUE,FALSE,FALSE,FALSE,https://www.kegg.jp/entry/K00249,https://pubmed.ncbi.nlm.nih.gov/?term=Lie%202018%20beta-oxidation%20(ACAD)
Lie2018,10.1371/journal.pone.0192439,Lie,2018,PLoS ONE,A tale of two mixotrophic chrysophytes: insights into the metabolisms of two Ochromonas species,beta-oxidation (ACAD),ACAD;ACADS,Assimilation,Fatty acid beta-oxidation of prey lipids,Ochromonas sp. / O. sphaerocystis,K00249,"ACADM, acd",acyl-CoA dehydrogenase,exact,NA,unmatched,NA,Differentially expressed between species under prey conditions,OK — verify gene name in paper,FALSE,TRUE,FALSE,FALSE,FALSE,https://www.kegg.jp/entry/K00249,https://pubmed.ncbi.nlm.nih.gov/?term=Lie%202018%20beta-oxidation%20(ACAD)
PerezGarcia2011,10.1016/j.watres.2010.08.037,Perez-Garcia,2011,Water Research,Heterotrophic cultures of microalgae: metabolism and potential products,dark heterotrophic metabolism (microalgae),heterotrophic microalgae metabolism,Assimilation,Heterotrophic carbon and energy metabolism in microalgae,Microalgae (heterotrophic cultures),NA,NA,NA,unmatched,NA,unmatched,NA,Metabolic review: glucose/acetate as C sources; heterotrophic lipid and biomass production,no KO match — fill manually,TRUE,TRUE,FALSE,FALSE,FALSE,NA,https://pubmed.ncbi.nlm.nih.gov/?term=Perez-Garcia%202011%20dark%20heterotrophic%20metabolism%20(microalgae)
Massana2021,10.1038/s41396-020-00770-4,Massana,2021,The ISME Journal,Gene expression during bacterivorous growth of a widespread marine heterotrophic flagellate,fatty acid beta-oxidation (HADH),HADH;HADHB,Assimilation,Beta-oxidation of prey fatty acids,Cafeteria burkhardae,K00022,HADH,3-hydroxyacyl-CoA dehydrogenase,exact,NA,unmatched,NA,Key step converting prey lipids to acetyl-CoA,OK — verify gene name in paper,FALSE,TRUE,FALSE,FALSE,FALSE,https://www.kegg.jp/entry/K00022,https://pubmed.ncbi.nlm.nih.gov/?term=Massana%202021%20fatty%20acid%20beta-oxidation%20(HADH)
Massana2021,10.1038/s41396-020-00770-4,Massana,2021,The ISME Journal,Gene expression during bacterivorous growth of a widespread marine heterotrophic flagellate,fatty acid beta-oxidation (HADH),HADH;HADHB,Assimilation,Beta-oxidation of prey fatty acids,Cafeteria burkhardae,K00022,HADH,3-hydroxyacyl-CoA dehydrogenase [EC:1.1.1.35],exact,NA,unmatched,NA,Key step converting prey lipids to acetyl-CoA,OK — verify gene name in paper,FALSE,TRUE,FALSE,FALSE,FALSE,https://www.kegg.jp/entry/K00022,https://pubmed.ncbi.nlm.nih.gov/?term=Massana%202021%20fatty%20acid%20beta-oxidation%20(HADH)
Massana2021,10.1038/s41396-020-00770-4,Massana,2021,The ISME Journal,Gene expression during bacterivorous growth of a widespread marine heterotrophic flagellate,fatty acid beta-oxidation (HADH),HADH;HADHB,Assimilation,Beta-oxidation of prey fatty acids,Cafeteria burkhardae,K00022,HADH,3-hydroxyacyl-CoA dehydrogenase,exact,NA,unmatched,NA,Key step converting prey lipids to acetyl-CoA,OK — verify gene name in paper,FALSE,TRUE,FALSE,FALSE,FALSE,https://www.kegg.jp/entry/K00022,https://pubmed.ncbi.nlm.nih.gov/?term=Massana%202021%20fatty%20acid%20beta-oxidation%20(HADH)
Lari2019,10.1007/s10811-018-1549-4,Lari,2019,Journal of Applied Phycology,Differential carbon partitioning and fatty acid composition in mixotrophic and autotrophic cultures of Tetraselmis sp.,fatty acid biosynthesis (heterotrophic shift),FAS;FASN,Assimilation,Carbon partitioning into fatty acids under mixotrophy,Tetraselmis sp.,K00665,FASN,"fatty acid synthase, animal type",exact,NA,unmatched,NA,Mixotrophic growth shifts fatty acid composition vs autotrophic; heterotrophy increases saturated FA,OK — verify gene name in paper,FALSE,TRUE,FALSE,FALSE,FALSE,https://www.kegg.jp/entry/K00665,https://pubmed.ncbi.nlm.nih.gov/?term=Lari%202019%20fatty%20acid%20biosynthesis%20(heterotrophic%20shift)
PerezGarcia2011,10.1016/j.watres.2010.08.037,Perez-Garcia,2011,Water Research,Heterotrophic cultures of microalgae: metabolism and potential products,glucose transporter,GLUT;HXT,Assimilation,Glucose uptake for dark heterotrophic growth,Microalgae (heterotrophic),K07299,NA,NA,exact,PF03458.16,fuzzy,NA,Key osmotrophic/heterotrophic sugar transporter; enables dark growth on glucose,fuzzy PFAM — verify ID,FALSE,FALSE,FALSE,TRUE,FALSE,https://www.kegg.jp/entry/K07299,https://pubmed.ncbi.nlm.nih.gov/?term=Perez-Garcia%202011%20glucose%20transporter
DagenaisBellefeuille2013,10.3389/fmicb.2013.00369,Dagenais-Bellefeuille,2013,Frontiers in Microbiology,Putting the N in dinoflagellates,glutamine synthetase,GS;GLUL,Assimilation,Ammonium assimilation (N fixation into amino acids),Dinoflagellates,K01915,"glnA, GLUL",glutamine synthetase,exact,NA,unmatched,NA,Core N assimilation enzyme; prey-derived N routed through GS/GOGAT,OK — verify gene name in paper,FALSE,TRUE,FALSE,FALSE,FALSE,https://www.kegg.jp/entry/K01915,https://pubmed.ncbi.nlm.nih.gov/?term=Dagenais-Bellefeuille%202013%20glutamine%20synthetase
DagenaisBellefeuille2013,10.3389/fmicb.2013.00369,Dagenais-Bellefeuille,2013,Frontiers in Microbiology,Putting the N in dinoflagellates,glutamine synthetase,GS;GLUL,Assimilation,Ammonium assimilation (N fixation into amino acids),Dinoflagellates,K01915,"glnA, GLUL",glutamine synthetase,exact,NA,unmatched,NA,Core N assimilation enzyme; prey-derived N routed through GS/GOGAT,OK — verify gene name in paper,FALSE,TRUE,FALSE,FALSE,FALSE,https://www.kegg.jp/entry/K01915,https://pubmed.ncbi.nlm.nih.gov/?term=Dagenais-Bellefeuille%202013%20glutamine%20synthetase
Johnson2011,10.1111/j.1550-7408.2011.00545.x,Johnson,2011,Journal of Eukaryotic Microbiology,Acquired phototrophy in ciliates: a review of cellular interactions and structural adaptations,kleptoplasty / sequestered chloroplasts,kleptoplast retention,Assimilation,Kleptoplasty as heterotrophic assimilation strategy,Ciliates (mixotrophic),NA,NA,NA,unmatched,NA,unmatched,NA,Ciliates sequester functional chloroplasts from algal prey via phagocytosis; kleptoplasty extends C assimilation,no KO match — fill manually,TRUE,TRUE,FALSE,FALSE,FALSE,NA,https://pubmed.ncbi.nlm.nih.gov/?term=Johnson%202011%20kleptoplasty%20/%20sequestered%20chloroplasts
Lie2017,10.1186/s12864-017-3549-1,Lie,2017,BMC Genomics,Effect of light and prey availability on gene expression of the mixotrophic chrysophyte Ochromonas sp.,light-harvesting chlorophyll a/b binding protein,LHCA;LHCB,Assimilation,Photosynthetic light harvesting (suppressed under prey),Ochromonas sp. (Chrysophyceae),K08905,NA,NA,exact,NA,unmatched,NA,Downregulated when prey abundant; inverse of phagocytosis genes,OK — verify gene name in paper,FALSE,TRUE,FALSE,FALSE,FALSE,https://www.kegg.jp/entry/K08905,https://pubmed.ncbi.nlm.nih.gov/?term=Lie%202017%20light-harvesting%20chlorophyll%20a/b%20binding%20protein
Liu2015a,10.3389/fmicb.2015.00631,Liu,2015,Frontiers in Microbiology,Changes in gene expression of Prymnesium parvum induced by nitrogen and phosphorus limitation,nitrate reductase,NR;NIA1,Assimilation,Nitrate reduction / nitrogen acquisition,Prymnesium parvum,K10534,NR,nitrate reductase (NAD(P)H),exact,NA,unmatched,NA,Upregulated under N limitation; key N assimilation gene,OK — verify gene name in paper,FALSE,TRUE,FALSE,FALSE,FALSE,https://www.kegg.jp/entry/K10534,https://pubmed.ncbi.nlm.nih.gov/?term=Liu%202015%20nitrate%20reductase
Liu2015a,10.3389/fmicb.2015.00631,Liu,2015,Frontiers in Microbiology,Changes in gene expression of Prymnesium parvum induced by nitrogen and phosphorus limitation,nitrate reductase,NR;NIA1,Assimilation,Nitrate reduction / nitrogen acquisition,Prymnesium parvum,K10534,NR,nitrate reductase (NAD(P)H),exact,NA,unmatched,NA,Upregulated under N limitation; key N assimilation gene,OK — verify gene name in paper,FALSE,TRUE,FALSE,FALSE,FALSE,https://www.kegg.jp/entry/K10534,https://pubmed.ncbi.nlm.nih.gov/?term=Liu%202015%20nitrate%20reductase
DagenaisBellefeuille2013,10.3389/fmicb.2013.00369,Dagenais-Bellefeuille,2013,Frontiers in Microbiology,Putting the N in dinoflagellates,nitrogen assimilation (dinoflagellate),NR;GS;GOGAT,Assimilation,Nitrogen uptake and assimilation pathways,Dinoflagellates (diverse),K10534,NR,nitrate reductase (NAD(P)H),exact,NA,unmatched,NA,Review of nitrogen acquisition strategies including phagotrophy as N source in dinoflagellates,OK — verify gene name in paper,FALSE,TRUE,FALSE,FALSE,FALSE,https://www.kegg.jp/entry/K10534,https://pubmed.ncbi.nlm.nih.gov/?term=Dagenais-Bellefeuille%202013%20nitrogen%20assimilation%20(dinoflagellate)
DagenaisBellefeuille2013,10.3389/fmicb.2013.00369,Dagenais-Bellefeuille,2013,Frontiers in Microbiology,Putting the N in dinoflagellates,nitrogen assimilation (dinoflagellate),NR;GS;GOGAT,Assimilation,Nitrogen uptake and assimilation pathways,Dinoflagellates (diverse),K10534,NR,nitrate reductase (NAD(P)H),exact,NA,unmatched,NA,Review of nitrogen acquisition strategies including phagotrophy as N source in dinoflagellates,OK — verify gene name in paper,FALSE,TRUE,FALSE,FALSE,FALSE,https://www.kegg.jp/entry/K10534,https://pubmed.ncbi.nlm.nih.gov/?term=Dagenais-Bellefeuille%202013%20nitrogen%20assimilation%20(dinoflagellate)
Halsey2015,10.1146/annurev-marine-010814-015813,Halsey,2015,Annual Review of Marine Science,Phytoplankton strategies for photosynthetic energy allocation,photosynthetic energy allocation,PSI;PSII;Calvin cycle,Assimilation,Photosynthetic energy partitioning (reference for mixotrophy context),Marine phytoplankton,K08905,NA,NA,exact,NA,unmatched,NA,Context for understanding photosynthesis contribution to mixotrophic C balance,OK — verify gene name in paper,FALSE,TRUE,FALSE,FALSE,FALSE,https://www.kegg.jp/entry/K08905,https://pubmed.ncbi.nlm.nih.gov/?term=Halsey%202015%20photosynthetic%20energy%20allocation
Zielinski2016,10.1371/journal.pone.0160929,Zielinski,2016,PLoS ONE,Patterns of transcript abundance of eukaryotic biogeochemically-relevant genes in the Amazon River Plume,urease,UreC,Assimilation,Urea nitrogen acquisition,Marine eukaryotes (Amazon Plume),K01427,URE,urease,exact,NA,unmatched,NA,Urea as N source for protists in riverine plume environments,OK — verify gene name in paper,FALSE,TRUE,FALSE,FALSE,FALSE,https://www.kegg.jp/entry/K01427,https://pubmed.ncbi.nlm.nih.gov/?term=Zielinski%202016%20urease
Cooney2024,10.1111/jeu.13050,Cooney,2024,Journal of Eukaryotic Microbiology,Morphology behavior and phylogenomics of Oxytoxum lohmannii Dinoflagellata,feeding behavior (Oxytoxum),dinoflagellate feeding behavior,Detection,Prey capture behavior + phylogenomic context,Oxytoxum lohmannii,NA,NA,NA,unmatched,NA,unmatched,NA,Phylogenomics reveals heterotrophic dinoflagellate feeding strategies; behavior-based prey detection,no KO match — fill manually,TRUE,TRUE,FALSE,FALSE,FALSE,NA,https://pubmed.ncbi.nlm.nih.gov/?term=Cooney%202024%20feeding%20behavior%20(Oxytoxum)
Kiorboe2024,10.1146/annurev-marine-020123-102001,Kiorboe,2024,Annual Review of Marine Science,Predation in a microbial world: mechanisms and trade-offs of flagellate foraging,flagellar beat frequency,NA,Detection,Prey encounter rate (hydrodynamics),Marine heterotrophic flagellates,NA,NA,NA,unmatched,NA,unmatched,NA,Foraging biophysics reference; no gene-level or biogeochemistry,no KO match — fill manually,TRUE,TRUE,FALSE,FALSE,FALSE,NA,https://pubmed.ncbi.nlm.nih.gov/?term=Kiorboe%202024%20flagellar%20beat%20frequency
Pernthaler2005,10.1038/nrmicro1180,Pernthaler,2005,Nature Reviews Microbiology,Predation on prokaryotes in the water column and its ecological implications,flagellar motility genes,NA,Detection,Prey search and encounter,Marine bacterioplankton + protist grazers,NA,NA,NA,unmatched,NA,unmatched,NA,Pre-omics ecological reference; molecular mechanism not addressed,no KO match — fill manually,TRUE,TRUE,FALSE,FALSE,FALSE,NA,https://pubmed.ncbi.nlm.nih.gov/?term=Pernthaler%202005%20flagellar%20motility%20genes
Wootton2007,10.1111/j.1462-2920.2006.01130.x,Wootton,2007,Environmental Microbiology,Biochemical prey recognition by planktonic protozoa,lectin (mannose-binding),MBL,Detection,Prey surface recognition,Oxyrrhis marina,NA,NA,NA,unmatched,NA,unmatched,NA,Only verified marine HNF prey chemoreceptor at gene level; binds bacterial surface glycans,no KO match — fill manually,TRUE,TRUE,FALSE,FALSE,FALSE,NA,https://pubmed.ncbi.nlm.nih.gov/?term=Wootton%202007%20lectin%20(mannose-binding)
Lie2022,10.1073/pnas.2100916119,Lie,2022,PNAS,The dynamic trophic architecture of open-ocean protist communities revealed through machine-guided metatranscriptomics,marker gene set (ML trophic),trophic markers,Detection,Machine-learning trophic mode inference,Marine protist communities (open ocean),NA,NA,NA,unmatched,NA,unmatched,NA,Marker genes for predicting heterotrophy/mixotrophy/autotrophy from metatranscriptomes,no KO match — fill manually,TRUE,TRUE,FALSE,FALSE,FALSE,NA,https://pubmed.ncbi.nlm.nih.gov/?term=Lie%202022%20marker%20gene%20set%20(ML%20trophic)
Lowe2011,10.1093/plankt/fbq161,Lowe,2011,Journal of Plankton Research,Collection isolation and culturing strategies for Oxyrrhis marina,phagocytosis (Oxyrrhis model organism),Oxyrrhis marina culture,Detection,Prey recognition and capture in Oxyrrhis marina,Oxyrrhis marina,NA,NA,NA,unmatched,NA,unmatched,NA,Key model organism for heterotrophic dinoflagellate prey selection and phagocytosis studies,no KO match — fill manually,TRUE,TRUE,FALSE,FALSE,FALSE,NA,https://pubmed.ncbi.nlm.nih.gov/?term=Lowe%202011%20phagocytosis%20(Oxyrrhis%20model%20organism)
Boulais2010,10.1038/msb.2010.80,Boulais,2010,Molecular Systems Biology,Molecular characterization of the evolution of phagosomes,LAMP1,CD107a;lysosomal membrane protein,Digestion,Lysosomal membrane integrity,Dictyostelium discoideum,K06824,NA,NA,exact,NA,unmatched,NA,Lysosomal-associated membrane protein; marks phagolysosome,OK — verify gene name in paper,FALSE,TRUE,FALSE,FALSE,FALSE,https://www.kegg.jp/entry/K06824,https://pubmed.ncbi.nlm.nih.gov/?term=Boulais%202010%20LAMP1
Boulais2010,10.1038/msb.2010.80,Boulais,2010,Molecular Systems Biology,Molecular characterization of the evolution of phagosomes,NADPH oxidase (NOX2),CYBB;gp91phox,Digestion,Reactive oxygen species generation; prey killing,Dictyostelium discoideum,K21421,NA,NA,exact,NA,unmatched,NA,Generates ROS in phagosome; conserved from Dictyostelium to mammals; unmapped in marine protists,OK — verify gene name in paper,FALSE,TRUE,FALSE,FALSE,FALSE,https://www.kegg.jp/entry/K21421,https://pubmed.ncbi.nlm.nih.gov/?term=Boulais%202010%20NADPH%20oxidase%20(NOX2)
Massana2021,10.1038/s41396-020-00770-4,Massana,2021,The ISME Journal,Gene expression during bacterivorous growth of a widespread marine heterotrophic flagellate,V-type H+-ATPase,vATPase;V-ATPase,Digestion,Phagosome acidification,Cafeteria burkhardae,K02154,ATPeV0A ATP6N,V-type H+-transporting ATPase subunit a,exact,NA,unmatched,NA,Acidifies phagolysosome; required for optimal hydrolase activity,OK — verify gene name in paper,FALSE,TRUE,FALSE,FALSE,FALSE,https://www.kegg.jp/entry/K02154,https://pubmed.ncbi.nlm.nih.gov/?term=Massana%202021%20V-type%20H+-ATPase
Massana2021,10.1038/s41396-020-00770-4,Massana,2021,The ISME Journal,Gene expression during bacterivorous growth of a widespread marine heterotrophic flagellate,V-type H+-ATPase,vATPase;V-ATPase,Digestion,Phagosome acidification,Cafeteria burkhardae,K02154,"ATPeV0A, ATP6N",V-type H+-transporting ATPase subunit a,exact,NA,unmatched,NA,Acidifies phagolysosome; required for optimal hydrolase activity,OK — verify gene name in paper,FALSE,TRUE,FALSE,FALSE,FALSE,https://www.kegg.jp/entry/K02154,https://pubmed.ncbi.nlm.nih.gov/?term=Massana%202021%20V-type%20H+-ATPase
Obiol2023,10.1186/s40168-023-01571-5,Obiol,2023,Microbiome,Gene expression dynamics of natural assemblages of heterotrophic flagellates during bacterivory,V-type H+-ATPase subunit,ATP6V1A;VMA1,Digestion,Phagosome/lysosome acidification,HNF natural assemblages,K02145,"ATPeV1A, ATP6A",V-type H+-transporting ATPase subunit A,exact,NA,unmatched,NA,Pumps protons into phagolysosome,OK — verify gene name in paper,FALSE,TRUE,FALSE,FALSE,FALSE,https://www.kegg.jp/entry/K02145,https://pubmed.ncbi.nlm.nih.gov/?term=Obiol%202023%20V-type%20H+-ATPase%20subunit
Liu2015b,10.3389/fmicb.2015.00319,Liu,2015,Frontiers in Microbiology,Gene expression in the mixotrophic prymnesiophyte Prymnesium parvum responds to prey availability,cathepsin B,CTSB,Digestion,Lysosomal protease / prey protein digestion,Prymnesium parvum,K01363,CTSB,cathepsin B [EC:3.4.22.1],exact,NA,unmatched,NA,Induced by prey; degrades prey proteins in food vacuole,OK — verify gene name in paper,FALSE,TRUE,FALSE,FALSE,FALSE,https://www.kegg.jp/entry/K01363,https://pubmed.ncbi.nlm.nih.gov/?term=Liu%202015%20cathepsin%20B
Massana2021,10.1038/s41396-020-00770-4,Massana,2021,The ISME Journal,Gene expression during bacterivorous growth of a widespread marine heterotrophic flagellate,cathepsin B,CTSB,Digestion,Lysosomal protease; prey protein digestion,Cafeteria burkhardae,K01363,CTSB,cathepsin B [EC:3.4.22.1],exact,NA,unmatched,NA,Cysteine protease active in lysosome at low pH,OK — verify gene name in paper,FALSE,TRUE,FALSE,FALSE,FALSE,https://www.kegg.jp/entry/K01363,https://pubmed.ncbi.nlm.nih.gov/?term=Massana%202021%20cathepsin%20B
Massana2021,10.1038/s41396-020-00770-4,Massana,2021,The ISME Journal,Gene expression during bacterivorous growth of a widespread marine heterotrophic flagellate,cathepsin D,CTSD,Digestion,Lysosomal aspartic protease,Cafeteria burkhardae,K01379,CTSD,cathepsin D [EC:3.4.23.5],exact,NA,unmatched,NA,Degrades prey proteins in phagolysosome,OK — verify gene name in paper,FALSE,TRUE,FALSE,FALSE,FALSE,https://www.kegg.jp/entry/K01379,https://pubmed.ncbi.nlm.nih.gov/?term=Massana%202021%20cathepsin%20D
Obiol2023,10.1186/s40168-023-01571-5,Obiol,2023,Microbiome,Gene expression dynamics of natural assemblages of heterotrophic flagellates during bacterivory,cathepsin L,CTSL,Digestion,Lysosomal cysteine protease,HNF natural assemblages,K01365,CTSL,cathepsin L [EC:3.4.22.15],exact,NA,unmatched,NA,Lysosomal protease; upregulated during prey digestion,OK — verify gene name in paper,FALSE,TRUE,FALSE,FALSE,FALSE,https://www.kegg.jp/entry/K01365,https://pubmed.ncbi.nlm.nih.gov/?term=Obiol%202023%20cathepsin%20L
Obiol2023,10.1186/s40168-023-01571-5,Obiol,2023,Microbiome,Gene expression dynamics of natural assemblages of heterotrophic flagellates during bacterivory,cathepsin L,CTSL,Digestion,Lysosomal cysteine protease,HNF natural assemblages,K01365,CTSL,Cathepsin L,exact,NA,unmatched,NA,Lysosomal protease; upregulated during prey digestion,OK — verify gene name in paper,FALSE,TRUE,FALSE,FALSE,FALSE,https://www.kegg.jp/entry/K01365,https://pubmed.ncbi.nlm.nih.gov/?term=Obiol%202023%20cathepsin%20L
Eckert2013,10.1111/1462-2920.12083,Eckert,2013,Environmental Microbiology,Grazing resistant freshwater bacteria profit from chitin and cell-wall-derived organic carbon,chitinase,GH18;chitinase,Digestion,Chitin degradation from bacterial prey cell walls,Freshwater protist grazers,NA,NA,NA,unmatched,GH18,exact,GH18,Bacteria evolve grazing resistance; chitin/cell wall carbon available to protist digestive machinery,no KO match — fill manually,TRUE,FALSE,FALSE,FALSE,FALSE,NA,https://pubmed.ncbi.nlm.nih.gov/?term=Eckert%202013%20chitinase
Liu2016,10.1093/femsec/fiw106,Liu,2016,FEMS Microbiology Ecology,Gene expression characterizes different nutritional strategies among three mixotrophic protists,digestive vacuole hydrolases (general),lysosomal hydrolases,Digestion,Comparative prey digestion,Ochromonas sp.; Prymnesium parvum; Chrysochromulina sp.,NA,NA,NA,unmatched,NA,unmatched,NA,Three species show distinct phago/photo gene expression ratios; digestion genes key differentiator,no KO match — fill manually,TRUE,TRUE,FALSE,FALSE,FALSE,NA,https://pubmed.ncbi.nlm.nih.gov/?term=Liu%202016%20digestive%20vacuole%20hydrolases%20(general)
BallenSegura2018,10.1111/1758-2229.12696,Ballen-Segura,2018,Environmental Microbiology Reports,Quantitative relationship between prokaryote ingestion rate and food vacuole content in mixotrophic phytoflagellates,food vacuole (ingestion rate quantification),food vacuole content,Digestion,Food vacuole dynamics / ingestion quantification,Mixotrophic phytoflagellates,NA,NA,NA,unmatched,NA,unmatched,NA,Quantitative ingestion rate ~ food vacuole content; method for calibrating phagocytosis rates,no KO match — fill manually,TRUE,TRUE,FALSE,FALSE,FALSE,NA,https://pubmed.ncbi.nlm.nih.gov/?term=Ballen-Segura%202018%20food%20vacuole%20(ingestion%20rate%20quantification)
Wilken2019,10.1098/rstb.2019.0090,Wilken,2019,Philosophical Transactions of the Royal Society B,The need to account for cell biology in characterizing predatory mixotrophs in aquatic environments,lysosome-phagosome fusion (mixotrophic),phagolysosome,Digestion,Phagolysosome formation in predatory mixotrophs,Ochromonas; predatory mixotrophs,NA,NA,NA,unmatched,NA,unmatched,NA,Phagolysosome fusion timing and efficiency in mixotrophic chrysophytes,no KO match — fill manually,TRUE,TRUE,FALSE,FALSE,FALSE,NA,https://pubmed.ncbi.nlm.nih.gov/?term=Wilken%202019%20lysosome-phagosome%20fusion%20(mixotrophic)
Larsson2022,10.1038/s41467-022-28867-8,Larsson,2022,Nature Communications,Mucospheres produced by a mixotrophic protist impact ocean carbon cycling,mucus production / exopolysaccharide secretion,EPS;mucosphere,Egestion,Extracellular organic matter release via mucus secretion,Phaeocystis-like mixotrophic protist,NA,NA,NA,unmatched,NA,unmatched,NA,Mucosphere production concentrates prey and DOM; heterotrophic feeding creates particulate organic matter,no KO match — fill manually,TRUE,TRUE,FALSE,FALSE,FALSE,NA,https://pubmed.ncbi.nlm.nih.gov/?term=Larsson%202022%20mucus%20production%20/%20exopolysaccharide%20secretion
Dyhrman2006,10.4319/lo.2006.51.3.1381,Dyhrman,2006,Limnology and Oceanography,Presence and regulation of alkaline phosphatase activity in eukaryotic phytoplankton from the coastal ocean,alkaline phosphatase,ALPL;PhoA,Osmotrophy,Dissolved organic phosphorus scavenging,Eukaryotic phytoplankton (coastal),K01077,NA,NA,exact,PF00245.23,fuzzy,NA,Eukaryotic phytoplankton use alkaline phosphatase to access organic P; osmotrophic nutrient acquisition,fuzzy PFAM — verify ID,FALSE,FALSE,FALSE,TRUE,FALSE,https://www.kegg.jp/entry/K01077,https://pubmed.ncbi.nlm.nih.gov/?term=Dyhrman%202006%20alkaline%20phosphatase
Balch2023,10.1126/sciadv.adf6973,Balch,2023,Science Advances,Osmotrophy of dissolved organic compounds by coccolithophore populations,alkaline phosphatase (osmotrophy context),ALPL,Osmotrophy,Organic nutrient acquisition via osmotrophy,Emiliania huxleyi; coccolithophores,K01077,NA,NA,exact,NA,unmatched,NA,Phosphatase-mediated DOM hydrolysis linked to osmotrophic C uptake,OK — verify gene name in paper,FALSE,TRUE,FALSE,FALSE,FALSE,https://www.kegg.jp/entry/K01077,https://pubmed.ncbi.nlm.nih.gov/?term=Balch%202023%20alkaline%20phosphatase%20(osmotrophy%20context)
Balch2023,10.1126/sciadv.adf6973,Balch,2023,Science Advances,Osmotrophy of dissolved organic compounds by coccolithophore populations,dissolved organic carbon transporter,DOC transporter;SLC,Osmotrophy,DOM uptake by osmotrophy,Emiliania huxleyi; coccolithophores,NA,NA,NA,unmatched,NA,unmatched,NA,Coccolithophores fix dissolved organic compounds via osmotrophy; C and N incorporated into particulate fractions,no KO match — fill manually,TRUE,TRUE,FALSE,FALSE,FALSE,NA,https://pubmed.ncbi.nlm.nih.gov/?term=Balch%202023%20dissolved%20organic%20carbon%20transporter
Focardi2025,10.1038/s41467-025-61523-5,Focardi,2025,Nature Communications,Defining the ecological strategies of phytoplankton associated bacteria,phytoplankton-bacteria carbon exchange,phytoplankton exudate;DOM,Osmotrophy,DOM exchange between phytoplankton and bacteria,Phytoplankton-associated bacteria,NA,NA,NA,unmatched,NA,unmatched,NA,Bacteria exploit phytoplankton DOM; relevant for understanding osmotrophy and C flux from primary producers,no KO match — fill manually,TRUE,TRUE,FALSE,FALSE,FALSE,NA,https://pubmed.ncbi.nlm.nih.gov/?term=Focardi%202025%20phytoplankton-bacteria%20carbon%20exchange
VanEtten2020,10.1016/j.tig.2020.08.006,Van Etten,2020,Trends in Genetics,Horizontal gene transfer in eukaryotes: not if but how much?,HGT (phagocytosis-enabled gene acquisition),HGT eukaryote,Phagocytosis,HGT facilitated by phagocytic uptake of prey/bacteria,Eukaryotes (diverse),NA,NA,NA,unmatched,NA,unmatched,NA,Phagocytosis key mechanism enabling HGT; metabolic gene acquisition from prey,no KO match — fill manually,TRUE,TRUE,FALSE,FALSE,FALSE,NA,https://pubmed.ncbi.nlm.nih.gov/?term=Van%20Etten%202020%20HGT%20(phagocytosis-enabled%20gene%20acquisition)
Labarre2020,10.1002/lno.11379,Labarre,2020,Limnology and Oceanography,Expression of genes involved in phagocytosis in uncultured heterotrophic flagellates,actin,ACTB,Phagocytosis,Cytoskeletal rearrangement for prey engulfment,MAST heterotrophic flagellates,K05692,actin beta/gamma 1,actin beta/gamma 1,exact,PF00022.22,fuzzy,NA,Required for phagocytic cup formation,fuzzy PFAM — verify ID,FALSE,FALSE,FALSE,TRUE,FALSE,https://www.kegg.jp/entry/K05692,https://pubmed.ncbi.nlm.nih.gov/?term=Labarre%202020%20actin
Labarre2020,10.1002/lno.11379,Labarre,2020,Limnology and Oceanography,Expression of genes involved in phagocytosis in uncultured heterotrophic flagellates,clathrin heavy chain,CHC;CLTC,Phagocytosis,Phagosome formation,MAST heterotrophic flagellates,K04646,CLTC,Clathrin heavy chain,exact,PF09268.13,fuzzy,NA,Key phagocytosis marker in uncultured marine taxa; metatranscriptomics study,fuzzy PFAM — verify ID,FALSE,FALSE,FALSE,TRUE,FALSE,https://www.kegg.jp/entry/K04646,https://pubmed.ncbi.nlm.nih.gov/?term=Labarre%202020%20clathrin%20heavy%20chain
Labarre2020,10.1002/lno.11379,Labarre,2020,Limnology and Oceanography,Expression of genes involved in phagocytosis in uncultured heterotrophic flagellates,clathrin heavy chain,CHC;CLTC,Phagocytosis,Phagosome formation,MAST heterotrophic flagellates,K04646,CLTC,Clathrin heavy chain,exact,PF09268.13,fuzzy,NA,Key phagocytosis marker in uncultured marine taxa; metatranscriptomics study,fuzzy PFAM — verify ID,FALSE,FALSE,FALSE,TRUE,FALSE,https://www.kegg.jp/entry/K04646,https://pubmed.ncbi.nlm.nih.gov/?term=Labarre%202020%20clathrin%20heavy%20chain
Labarre2020,10.1002/lno.11379,Labarre,2020,Limnology and Oceanography,Expression of genes involved in phagocytosis in uncultured heterotrophic flagellates,clathrin heavy chain,CHC;CLTC,Phagocytosis,Phagosome formation,MAST heterotrophic flagellates,K04646,NA,CLTC;ÊclathrinÊheavyÊchain,exact,PF09268.13,fuzzy,NA,Key phagocytosis marker in uncultured marine taxa; metatranscriptomics study,fuzzy PFAM — verify ID,FALSE,FALSE,FALSE,TRUE,FALSE,https://www.kegg.jp/entry/K04646,https://pubmed.ncbi.nlm.nih.gov/?term=Labarre%202020%20clathrin%20heavy%20chain
Massana2021,10.1038/s41396-020-00770-4,Massana,2021,The ISME Journal,Gene expression during bacterivorous growth of a widespread marine heterotrophic flagellate,clathrin heavy chain,CHC;CLTC,Phagocytosis,Phagosome formation,Cafeteria burkhardae,K04646,CLTC,Clathrin heavy chain,exact,PF09268.13,fuzzy,NA,Expressed during bacterivory in cultured marine HNF,fuzzy PFAM — verify ID,FALSE,FALSE,FALSE,TRUE,FALSE,https://www.kegg.jp/entry/K04646,https://pubmed.ncbi.nlm.nih.gov/?term=Massana%202021%20clathrin%20heavy%20chain
Massana2021,10.1038/s41396-020-00770-4,Massana,2021,The ISME Journal,Gene expression during bacterivorous growth of a widespread marine heterotrophic flagellate,clathrin heavy chain,CHC;CLTC,Phagocytosis,Phagosome formation,Cafeteria burkhardae,K04646,CLTC,Clathrin heavy chain,exact,PF09268.13,fuzzy,NA,Expressed during bacterivory in cultured marine HNF,fuzzy PFAM — verify ID,FALSE,FALSE,FALSE,TRUE,FALSE,https://www.kegg.jp/entry/K04646,https://pubmed.ncbi.nlm.nih.gov/?term=Massana%202021%20clathrin%20heavy%20chain
Massana2021,10.1038/s41396-020-00770-4,Massana,2021,The ISME Journal,Gene expression during bacterivorous growth of a widespread marine heterotrophic flagellate,clathrin heavy chain,CHC;CLTC,Phagocytosis,Phagosome formation,Cafeteria burkhardae,K04646,NA,CLTC;ÊclathrinÊheavyÊchain,exact,PF09268.13,fuzzy,NA,Expressed during bacterivory in cultured marine HNF,fuzzy PFAM — verify ID,FALSE,FALSE,FALSE,TRUE,FALSE,https://www.kegg.jp/entry/K04646,https://pubmed.ncbi.nlm.nih.gov/?term=Massana%202021%20clathrin%20heavy%20chain
Obiol2023,10.1186/s40168-023-01571-5,Obiol,2023,Microbiome,Gene expression dynamics of natural assemblages of heterotrophic flagellates during bacterivory,clathrin heavy chain,CHC;CLTC,Phagocytosis,Phagosome formation,HNF natural assemblages,K04646,CLTC,Clathrin heavy chain,exact,PF09268.13,fuzzy,NA,Highly expressed during bacterivory in natural HNF communities; key phagocytosis marker,fuzzy PFAM — verify ID,FALSE,FALSE,FALSE,TRUE,FALSE,https://www.kegg.jp/entry/K04646,https://pubmed.ncbi.nlm.nih.gov/?term=Obiol%202023%20clathrin%20heavy%20chain
Obiol2023,10.1186/s40168-023-01571-5,Obiol,2023,Microbiome,Gene expression dynamics of natural assemblages of heterotrophic flagellates during bacterivory,clathrin heavy chain,CHC;CLTC,Phagocytosis,Phagosome formation,HNF natural assemblages,K04646,CLTC,Clathrin heavy chain,exact,PF09268.13,fuzzy,NA,Highly expressed during bacterivory in natural HNF communities; key phagocytosis marker,fuzzy PFAM — verify ID,FALSE,FALSE,FALSE,TRUE,FALSE,https://www.kegg.jp/entry/K04646,https://pubmed.ncbi.nlm.nih.gov/?term=Obiol%202023%20clathrin%20heavy%20chain
Obiol2023,10.1186/s40168-023-01571-5,Obiol,2023,Microbiome,Gene expression dynamics of natural assemblages of heterotrophic flagellates during bacterivory,clathrin heavy chain,CHC;CLTC,Phagocytosis,Phagosome formation,HNF natural assemblages,K04646,NA,CLTC;ÊclathrinÊheavyÊchain,exact,PF09268.13,fuzzy,NA,Highly expressed during bacterivory in natural HNF communities; key phagocytosis marker,fuzzy PFAM — verify ID,FALSE,FALSE,FALSE,TRUE,FALSE,https://www.kegg.jp/entry/K04646,https://pubmed.ncbi.nlm.nih.gov/?term=Obiol%202023%20clathrin%20heavy%20chain
Liu2015b,10.3389/fmicb.2015.00319,Liu,2015,Frontiers in Microbiology,Gene expression in the mixotrophic prymnesiophyte Prymnesium parvum responds to prey availability,clathrin light chain,CLTCL1,Phagocytosis,Endocytosis / phagosome coat,Prymnesium parvum,K04559,NA,NA,exact,PF01086.20,fuzzy,NA,Induced by prey availability; part of phagocytic machinery,fuzzy PFAM — verify ID,FALSE,FALSE,FALSE,TRUE,FALSE,https://www.kegg.jp/entry/K04559,https://pubmed.ncbi.nlm.nih.gov/?term=Liu%202015%20clathrin%20light%20chain
Rocke2015,10.1371/journal.pone.0124505,Rocke,2015,PLoS ONE,Protist community grazing on prokaryotic prey in deep ocean water masses,deep ocean phagocytosis (mesopelagic),deep ocean grazing,Phagocytosis,Mesopelagic protist phagocytic grazing on prokaryotes,Deep ocean heterotrophic protists,NA,NA,NA,unmatched,NA,unmatched,NA,Heterotrophic flagellates dominate prokaryote grazing in deep water masses; key deep-sea C flux,no KO match — fill manually,TRUE,TRUE,FALSE,FALSE,FALSE,NA,https://pubmed.ncbi.nlm.nih.gov/?term=Rocke%202015%20deep%20ocean%20phagocytosis%20(mesopelagic)
Labarre2020,10.1002/lno.11379,Labarre,2020,Limnology and Oceanography,Expression of genes involved in phagocytosis in uncultured heterotrophic flagellates,dynamin,DNM;GTPase,Phagocytosis,Membrane scission during endocytosis,MAST heterotrophic flagellates,K01528,NA,NA,exact,PF04912.17,fuzzy,NA,GTPase involved in vesicle budding from plasma membrane,fuzzy PFAM — verify ID,FALSE,FALSE,FALSE,TRUE,FALSE,https://www.kegg.jp/entry/K01528,https://pubmed.ncbi.nlm.nih.gov/?term=Labarre%202020%20dynamin
Obiol2023,10.1186/s40168-023-01571-5,Obiol,2023,Microbiome,Gene expression dynamics of natural assemblages of heterotrophic flagellates during bacterivory,dynamin,DNM,Phagocytosis,Membrane scission / endocytosis,HNF natural assemblages,K01528,NA,NA,exact,PF04912.17,fuzzy,NA,GTPase for vesicle budding; expressed in bacterivorous HNF,fuzzy PFAM — verify ID,FALSE,FALSE,FALSE,TRUE,FALSE,https://www.kegg.jp/entry/K01528,https://pubmed.ncbi.nlm.nih.gov/?term=Obiol%202023%20dynamin
Husnik2021,10.1016/j.cub.2021.05.049,Husnik,2021,Current Biology,Bacterial and archaeal symbioses with protists,endocytosis (symbiont uptake),phagocytosis;endosymbiosis,Phagocytosis,Phagocytosis as route to endosymbiosis,Protists with bacterial/archaeal symbionts,NA,NA,NA,unmatched,NA,unmatched,NA,Symbiosis initiated via phagocytosis; uptake and retention of bacterial/archaeal endosymbionts,no KO match — fill manually,TRUE,TRUE,FALSE,FALSE,FALSE,NA,https://pubmed.ncbi.nlm.nih.gov/?term=Husnik%202021%20endocytosis%20(symbiont%20uptake)
Lie2018,10.1371/journal.pone.0192439,Lie,2018,PLoS ONE,A tale of two mixotrophic chrysophytes: insights into the metabolisms of two Ochromonas species,food vacuole / phagosome genes (general),phagocytosis gene set,Phagocytosis,Comparative phagocytosis gene expression,Ochromonas sp. / O. sphaerocystis,NA,NA,NA,unmatched,NA,unmatched,NA,Two Ochromonas species show quantitatively different phago vs. photosynthesis gene expression strategies,no KO match — fill manually,TRUE,TRUE,FALSE,FALSE,FALSE,NA,https://pubmed.ncbi.nlm.nih.gov/?term=Lie%202018%20food%20vacuole%20/%20phagosome%20genes%20(general)
Wilken2019,10.1098/rstb.2019.0090,Wilken,2019,Philosophical Transactions of the Royal Society B,The need to account for cell biology in characterizing predatory mixotrophs in aquatic environments,food vacuole biology (predatory mixotroph),food vacuole;phagosome,Phagocytosis,Cell biology of food vacuole in predatory mixotrophs,Ochromonas; predatory mixotrophs,NA,NA,NA,unmatched,NA,unmatched,NA,Cell biological detail essential for characterizing mixotrophic phagocytosis; vacuole dynamics,no KO match — fill manually,TRUE,TRUE,FALSE,FALSE,FALSE,NA,https://pubmed.ncbi.nlm.nih.gov/?term=Wilken%202019%20food%20vacuole%20biology%20(predatory%20mixotroph)
Mitra2016,10.1016/j.protis.2016.01.003,Mitra,2016,Protist,Defining planktonic protist functional groups on mechanisms for energy and nutrient acquisition,heterotrophic functional group (phagocytosis-based),constitutive heterotroph,Phagocytosis,Functional group classification by feeding mechanism,Planktonic protists (diverse),NA,NA,NA,unmatched,NA,unmatched,NA,Framework defining heterotrophic vs mixotrophic functional groups based on phagocytosis vs photosynthesis mechanisms,no KO match — fill manually,TRUE,TRUE,FALSE,FALSE,FALSE,NA,https://pubmed.ncbi.nlm.nih.gov/?term=Mitra%202016%20heterotrophic%20functional%20group%20(phagocytosis-based)
Keeling2024,10.1038/s41576-023-00688-5,Keeling,2024,Nature Reviews Genetics,Horizontal gene transfer in eukaryotes: aligning theory with data,horizontally transferred genes (HGT; phagotrophy-facilitated),HGT phagotrophy,Phagocytosis,HGT acquisition via phagocytic uptake of prey DNA,Eukaryotes (diverse),NA,NA,NA,unmatched,NA,unmatched,NA,Phagocytosis facilitates HGT; prey DNA enters host during digestion; metabolic gene acquisition,no KO match — fill manually,TRUE,TRUE,FALSE,FALSE,FALSE,NA,https://pubmed.ncbi.nlm.nih.gov/?term=Keeling%202024%20horizontally%20transferred%20genes%20(HGT;%20phagotrophy-facilitated)
Adolf2006,10.1093/plankt/fbl007,Adolf,2006,Journal of Plankton Research,The balance of autotrophy and heterotrophy during mixotrophic growth of Karlodinium micrum,mixotrophic carbon balance (Karlodinium),phago:photo ratio,Phagocytosis,Autotrophy/heterotrophy balance in mixotrophic dinoflagellate,Karlodinium micrum,NA,NA,NA,unmatched,NA,unmatched,NA,C acquisition balance: phagocytosis vs photosynthesis quantified in dinoflagellate,no KO match — fill manually,TRUE,TRUE,FALSE,FALSE,FALSE,NA,https://pubmed.ncbi.nlm.nih.gov/?term=Adolf%202006%20mixotrophic%20carbon%20balance%20(Karlodinium)
Waller2024,10.1128/mmbr.00197-22,Waller,2024,Microbiology and Molecular Biology Reviews,Adaptations and metabolic evolution of myzozoan protists across diverse lifestyles and environments,myzocytosis feeding apparatus,myzocytosis;conoid,Phagocytosis,Myzozoan extracellular/intracellular feeding machinery,Myzozoa (Apicomplexa; Dinoflagellata),NA,NA,NA,unmatched,NA,unmatched,NA,"Myzozoan-specific feeding structures (conoid, rhoptries) evolved from ancestral phagocytic machinery",no KO match — fill manually,TRUE,TRUE,FALSE,FALSE,FALSE,NA,https://pubmed.ncbi.nlm.nih.gov/?term=Waller%202024%20myzocytosis%20feeding%20apparatus
Berge2008,10.3354/ame01165,Berge,2008,Aquatic Microbial Ecology,Feeding mechanism prey specificity and growth in light and dark of the plastidic dinoflagellate Karlodinium armiger,pallium feeding / myzocytosis (Karlodinium),peduncle;pallium,Phagocytosis,Myzocytosis / pallium feeding mechanism,Karlodinium armiger,NA,NA,NA,unmatched,NA,unmatched,NA,Pallium feeding via extracellular digestion; K. armiger feeds on prey >15 µm,no KO match — fill manually,TRUE,TRUE,FALSE,FALSE,FALSE,NA,https://pubmed.ncbi.nlm.nih.gov/?term=Berge%202008%20pallium%20feeding%20/%20myzocytosis%20(Karlodinium)
Hansen1999,10.1111/j.1550-7408.1999.tb04617.x,Hansen,1999,Journal of Eukaryotic Microbiology,Phagotrophic mechanisms and prey selection in free-living Dinoflagellates,pallium feeding / tube feeding (dinoflagellate),pallium;peduncle;myzocytosis,Phagocytosis,Dinoflagellate extracellular and intracellular feeding mechanisms,Heterotrophic dinoflagellates (diverse),NA,NA,NA,unmatched,NA,unmatched,NA,"Comprehensive review of dinoflagellate feeding mechanisms; pallium, tube, and direct engulfment",no KO match — fill manually,TRUE,TRUE,FALSE,FALSE,FALSE,NA,https://pubmed.ncbi.nlm.nih.gov/?term=Hansen%201999%20pallium%20feeding%20/%20tube%20feeding%20(dinoflagellate)
McKieKrisberg2014,10.1038/ismej.2014.16,McKie-Krisberg,2014,The ISME Journal,Phagotrophy by the picoeukaryotic green alga Micromonas: implications for Arctic Oceans,phagocytosis (Micromonas pusilla),Micromonas phagotrophy,Phagocytosis,Phagocytosis in picoeukaryotic green alga,Micromonas pusilla,NA,NA,NA,unmatched,NA,unmatched,NA,Unexpected phagotrophy in a traditionally autotrophic green alga; food vacuole formation observed,no KO match — fill manually,TRUE,TRUE,FALSE,FALSE,FALSE,NA,https://pubmed.ncbi.nlm.nih.gov/?term=McKie-Krisberg%202014%20phagocytosis%20(Micromonas%20pusilla)
DeAnda2026,10.1073/pnas.2516062123,De Anda,2026,PNAS,The archaeal roots of eukaryotic life,phagocytosis (ancestral eukaryotic origin),Asgard phagocytosis genes,Phagocytosis,Evolutionary origin of eukaryotic phagocytosis,Asgard archaea / eukaryotic ancestor,NA,NA,NA,unmatched,NA,unmatched,NA,Asgard archaeal genomes contain ancestral phagocytosis-related genes; origin of eukaryotic heterotrophy,no KO match — fill manually,TRUE,TRUE,FALSE,FALSE,FALSE,NA,https://pubmed.ncbi.nlm.nih.gov/?term=De%20Anda%202026%20phagocytosis%20(ancestral%20eukaryotic%20origin)
Jeong2010,10.1007/s12601-010-0007-2,Jeong,2010,Ocean Science Journal,Growth feeding and ecological roles of mixotrophic and heterotrophic dinoflagellates in marine planktonic food webs,phagocytosis (dinoflagellate food web),dinoflagellate grazing,Phagocytosis,Dinoflagellate phagotrophy and food web role,Heterotrophic and mixotrophic dinoflagellates,NA,NA,NA,unmatched,NA,unmatched,NA,Comprehensive overview of dinoflagellate feeding rates and food web impacts,no KO match — fill manually,TRUE,TRUE,FALSE,FALSE,FALSE,NA,https://pubmed.ncbi.nlm.nih.gov/?term=Jeong%202010%20phagocytosis%20(dinoflagellate%20food%20web)
Beaudoin2016,10.1016/j.dsr2.2014.01.007,Beaudoin,2016,Deep-Sea Research Part II,Impact of protists on a hydrocarbon-degrading bacterial community from deep-sea Gulf of Mexico sediments,phagocytosis of hydrocarbon-degrading bacteria,HDB grazing,Phagocytosis,Sediment protist grazing on specialized bacteria,Deep-sea GoM sediment protists,NA,NA,NA,unmatched,NA,unmatched,NA,Protist grazing suppresses hydrocarbon-degrading bacteria; GoM deep-sea context,no KO match — fill manually,TRUE,TRUE,FALSE,FALSE,FALSE,NA,https://pubmed.ncbi.nlm.nih.gov/?term=Beaudoin%202016%20phagocytosis%20of%20hydrocarbon-degrading%20bacteria
FriasLopez2009,10.1111/j.1462-2920.2008.01793.x,Frias-Lopez,2009,Environmental Microbiology,Use of stable isotope-labelled cells to identify active grazers of picocyanobacteria,phagocytosis of picocyanobacteria,Prochlorococcus grazing;SIP,Phagocytosis,Phagocytic grazing on picophytoplankton,Open-ocean protist grazers,NA,NA,NA,unmatched,NA,unmatched,NA,SIP-based identification of grazers; phagocytosis of Prochlorococcus by heterotrophic nanoflagellates,no KO match — fill manually,TRUE,TRUE,FALSE,FALSE,FALSE,NA,https://pubmed.ncbi.nlm.nih.gov/?term=Frias-Lopez%202009%20phagocytosis%20of%20picocyanobacteria
Orsi2018,10.1111/1462-2920.14018,Orsi,2018,Environmental Microbiology,Identifying protist consumers of photosynthetic picoeukaryotes using stable isotope probing,phagocytosis of picoeukaryotes (SIP),SIP grazing marker,Phagocytosis,Stable isotope probing to identify phagocytic grazers,Heterotrophic protists (surface ocean),NA,NA,NA,unmatched,NA,unmatched,NA,SIP identifies which protists phagocytose photosynthetic picoeukaryotes; links grazing to gene expression,no KO match — fill manually,TRUE,TRUE,FALSE,FALSE,FALSE,NA,https://pubmed.ncbi.nlm.nih.gov/?term=Orsi%202018%20phagocytosis%20of%20picoeukaryotes%20(SIP)
Schulz2024,10.1101/2024.12.29.630703,Schulz,2024,bioRxiv,Protists as mediators of complex microbial and viral associations,phagocytosis of viruses and bacteria (protist mediator),virus grazing;bacteria grazing,Phagocytosis,Protist phagocytosis mediating microbial/viral community structure,Protists (diverse),NA,NA,NA,unmatched,NA,unmatched,NA,Protist phagocytosis shapes virus and bacterial community structure; predation-mediated microbial diversity,no KO match — fill manually,TRUE,TRUE,FALSE,FALSE,FALSE,NA,https://pubmed.ncbi.nlm.nih.gov/?term=Schulz%202024%20phagocytosis%20of%20viruses%20and%20bacteria%20(protist%20mediator)
Lie2017,10.1186/s12864-017-3549-1,Lie,2017,BMC Genomics,Effect of light and prey availability on gene expression of the mixotrophic chrysophyte Ochromonas sp.,phagocytosis receptor-related,phago receptor,Phagocytosis,Prey recognition / uptake induction,Ochromonas sp. (Chrysophyceae),NA,NA,NA,unmatched,NA,unmatched,NA,Gene expression shifts from phototrophy to phagotrophy when prey available; prey > light drives phago genes,no KO match — fill manually,TRUE,TRUE,FALSE,FALSE,FALSE,NA,https://pubmed.ncbi.nlm.nih.gov/?term=Lie%202017%20phagocytosis%20receptor-related
Mitra2024,10.1080/09670262.2023.2216259,Mitra,2024,European Journal of Phycology,Trait trade-offs in phagotrophic microalgae: the mixoplankton conundrum,phagocytosis vs photosynthesis trait trade-off,phago:photo trade-off,Phagocytosis,Trait trade-off between phagocytosis and photosynthesis,Mixotrophic microalgae (diverse),NA,NA,NA,unmatched,NA,unmatched,NA,Phagocytosis and photosynthesis compete for cellular resources; trait trade-offs shape mixoplankton strategies,no KO match — fill manually,TRUE,TRUE,FALSE,FALSE,FALSE,NA,https://pubmed.ncbi.nlm.nih.gov/?term=Mitra%202024%20phagocytosis%20vs%20photosynthesis%20trait%20trade-off
Almada2017,10.1590/s1679-87592017140706503,Almada,2017,Brazilian Journal of Oceanography,Investigation of phagotrophy in natural assemblages of benthic dinoflagellates,phagotrophy (benthic dinoflagellate),Ostreopsis;Prorocentrum;Coolia,Phagocytosis,Phagotrophic behavior in benthic dinoflagellates,Ostreopsis; Prorocentrum; Coolia,NA,NA,NA,unmatched,NA,unmatched,NA,Benthic dinoflagellates exhibit phagotrophy; evidence from food vacuole observations,no KO match — fill manually,TRUE,TRUE,FALSE,FALSE,FALSE,NA,https://pubmed.ncbi.nlm.nih.gov/?term=Almada%202017%20phagotrophy%20(benthic%20dinoflagellate)
Sanders1990,NA,Sanders,1990,Microbial Ecology,Relationship between phototrophy and phagotrophy in the mixotrophic chrysophyte Poterioochromonas malhamensis,phagotrophy/phototrophy regulation (chrysophyte),Poterioochromonas feeding,Phagocytosis,Switching between phagotrophy and phototrophy,Poterioochromonas malhamensis,NA,NA,NA,unmatched,NA,unmatched,NA,Early demonstration of phagotrophy-phototrophy tradeoff in chrysophyte; light suppresses phagocytosis,no KO match — fill manually,TRUE,TRUE,FALSE,FALSE,TRUE,NA,https://pubmed.ncbi.nlm.nih.gov/?term=Sanders%201990%20phagotrophy/phototrophy%20regulation%20(chrysophyte)
Gast2009,10.1016/j.tim.2009.09.001,Gast,2009,Trends in Microbiology,Ecological strategies of protists and their symbiotic relationships with prokaryotic microbes,protist-prokaryote interaction (symbiosis/predation),endosymbiosis;phagocytosis,Phagocytosis,Phagocytosis and symbiosis continuum in protists,Marine protists (diverse),NA,NA,NA,unmatched,NA,unmatched,NA,Phagocytosis as continuum from predation to endosymbiosis; key ecological framework,no KO match — fill manually,TRUE,TRUE,FALSE,FALSE,FALSE,NA,https://pubmed.ncbi.nlm.nih.gov/?term=Gast%202009%20protist-prokaryote%20interaction%20(symbiosis/predation)
Waller2024,10.1128/mmbr.00197-22,Waller,2024,Microbiology and Molecular Biology Reviews,Adaptations and metabolic evolution of myzozoan protists across diverse lifestyles and environments,rhoptry proteins (RON/ROP),ROP;RON,Phagocytosis,Prey/host cell invasion apparatus (Apicomplexa),Apicomplexa,NA,NA,NA,unmatched,NA,unmatched,NA,Rhoptry proteins evolved from ancestral phagocytic machinery; secreted during host cell invasion,no KO match — fill manually,TRUE,TRUE,FALSE,FALSE,FALSE,NA,https://pubmed.ncbi.nlm.nih.gov/?term=Waller%202024%20rhoptry%20proteins%20(RON/ROP)
Wilken2013,10.1111/ele.12033,Wilken,2013,Ecology Letters,Mixotrophic organisms become more heterotrophic with rising temperature,temperature-driven shift to heterotrophy,phago:photo thermal response,Phagocytosis,Temperature regulation of phagocytosis vs photosynthesis,Ochromonas danica,NA,NA,NA,unmatched,NA,unmatched,NA,Rising temperature increases phagotrophy relative to photosynthesis; thermal regulation of heterotrophy genes,no KO match — fill manually,TRUE,TRUE,FALSE,FALSE,FALSE,NA,https://pubmed.ncbi.nlm.nih.gov/?term=Wilken%202013%20temperature-driven%20shift%20to%20heterotrophy
Edgcomb2007,10.1007/978-1-4020-6112-7_39,Edgcomb,2007,In: Algae and Cyanobacteria in Extreme Environments,Deep-sea microbial eukaryotes in anoxic microoxic and sulfidic environments,anaerobic/microaerophilic heterotrophy (deep-sea protists),Carpediemonas;Trimastix,Scaling up,Heterotrophic protists in anoxic/extreme environments,Deep-sea anaerobic protists,NA,NA,NA,unmatched,NA,unmatched,NA,Heterotrophic protists dominate anoxic deep-sea environments; key ecological reference,Scaling up — no gene ID expected,TRUE,TRUE,FALSE,FALSE,FALSE,NA,https://pubmed.ncbi.nlm.nih.gov/?term=Edgcomb%202007%20anaerobic/microaerophilic%20heterotrophy%20(deep-sea%20protists)
Campo2019,10.1111/1365-2435.13490,Campo,2019,Functional Ecology,The eukaryome: diversity and role of microeukaryotic organisms associated with animal hosts,eukaryome diversity (host-associated),protist symbiont;parasite,Scaling up,Microeukaryote diversity in host-associated contexts,Animal-associated microeukaryotes,NA,NA,NA,unmatched,NA,unmatched,NA,Framework for heterotrophic protist roles as symbionts/parasites in host-associated communities,Scaling up — no gene ID expected,TRUE,TRUE,FALSE,FALSE,FALSE,NA,https://pubmed.ncbi.nlm.nih.gov/?term=Campo%202019%20eukaryome%20diversity%20(host-associated)
Carradec2018,10.1038/s41467-017-02342-1,Carradec,2018,Nature Communications,A global ocean atlas of eukaryotic genes,eukaryotic gene atlas,NA,Scaling up,Global biogeographic mapping of protist gene expression,Marine eukaryotes (Tara Oceans),NA,NA,NA,unmatched,NA,unmatched,NA,Global distribution of heterotrophy-relevant gene clusters; used for biogeographic scaling,Scaling up — no gene ID expected,TRUE,TRUE,FALSE,FALSE,FALSE,NA,https://pubmed.ncbi.nlm.nih.gov/?term=Carradec%202018%20eukaryotic%20gene%20atlas
Moustafa2010,10.1371/journal.pone.0009688,Moustafa,2010,PLoS ONE,Transcriptome profiling of a toxic dinoflagellate reveals a gene-rich protist,gene-rich protist transcriptome (dinoflagellate),Alexandrium transcriptome,Scaling up,Dinoflagellate transcriptome baseline,Alexandrium tamarense,NA,NA,NA,unmatched,NA,unmatched,NA,Broad transcriptome reference for toxic dinoflagellate; bacteria influence gene expression,Scaling up — no gene ID expected,TRUE,TRUE,FALSE,FALSE,FALSE,NA,https://pubmed.ncbi.nlm.nih.gov/?term=Moustafa%202010%20gene-rich%20protist%20transcriptome%20(dinoflagellate)
Caron2015,NA,Caron,2015,In: Manual of Environmental Microbiology 4th Edition,Heterotrophic Planktonic Microbes: Virus Bacteria Archaea and Protozoa,heterotrophic protozoa (review),heterotrophic flagellate;ciliate,Scaling up,Heterotrophic planktonic microbial review,Heterotrophic protozoa (marine),NA,NA,NA,unmatched,NA,unmatched,NA,Reference chapter on heterotrophic planktonic microbes including protozoa; ecological roles,Scaling up — no gene ID expected,TRUE,TRUE,FALSE,FALSE,TRUE,NA,https://pubmed.ncbi.nlm.nih.gov/?term=Caron%202015%20heterotrophic%20protozoa%20(review)
Bachy2022,10.1007/978-3-030-90383-1_4,Bachy,2022,In: The Microbiomes of Humans Animals Plants and the Environment,Marine protists: a hitchhiker's guide to their role in the marine microbiome,heterotrophy (protist microbiome role),protist heterotrophy review,Scaling up,Protist ecological roles in marine microbiome,Marine protists (diverse),NA,NA,NA,unmatched,NA,unmatched,NA,Comprehensive review of protist roles including heterotrophy in shaping marine microbiome,Scaling up — no gene ID expected,TRUE,TRUE,FALSE,FALSE,FALSE,NA,https://pubmed.ncbi.nlm.nih.gov/?term=Bachy%202022%20heterotrophy%20(protist%20microbiome%20role)
Jamy2025,10.1016/j.tim.2025.08.008,Jamy,2025,Trends in Microbiology,Towards a trait-based framework for protist ecology and evolution,heterotrophy as protist trait,trophic mode trait,Scaling up,Trait-based framework for heterotrophic protists,Protists (diverse),NA,NA,NA,unmatched,NA,unmatched,NA,Heterotrophy as core ecological trait; framework for integrating molecular and ecological data,Scaling up — no gene ID expected,TRUE,TRUE,FALSE,FALSE,FALSE,NA,https://pubmed.ncbi.nlm.nih.gov/?term=Jamy%202025%20heterotrophy%20as%20protist%20trait
Ahme2025,10.1002/lol2.70017,Ahme,2025,Limnology and Oceanography Letters,Concurrent global change and marine heatwaves disturb phototrophic more than heterotrophic protist diversity,heterotrophy diversity (climate resilience),heterotrophic protist marker,Scaling up,Climate effects on heterotrophic vs phototrophic protist diversity,Marine protist communities,NA,NA,NA,unmatched,NA,unmatched,NA,Heterotrophic protists more resilient than phototrophic under heatwave + global change,Scaling up — no gene ID expected,TRUE,TRUE,FALSE,FALSE,FALSE,NA,https://pubmed.ncbi.nlm.nih.gov/?term=Ahme%202025%20heterotrophy%20diversity%20(climate%20resilience)
Gleich2024,10.1111/1462-2920.16556,Gleich,2024,Environmental Microbiology,Protistan community composition and metabolism in North Pacific Subtropical Gyre,heterotrophy gene expression markers,metatranscriptome markers,Scaling up,Depth-resolved protist metabolic gene expression,Marine protists (NPSG),NA,NA,NA,unmatched,NA,unmatched,NA,Mesoscale eddies shift protist heterotrophy/autotrophy balance; gene expression evidence,Scaling up — no gene ID expected,TRUE,TRUE,FALSE,FALSE,FALSE,NA,https://pubmed.ncbi.nlm.nih.gov/?term=Gleich%202024%20heterotrophy%20gene%20expression%20markers
Levine2025,10.1146/annurev-earth-040523-020630,Levine,2025,Annual Review of Earth and Planetary Sciences,Microbial ecology to ocean carbon cycling: from genomes to numerical models,heterotrophy to carbon flux (modeling),gene-to-flux model,Scaling up,Linking microbial gene expression to ocean carbon models,Marine microbes (diverse),NA,NA,NA,unmatched,NA,unmatched,NA,Framework for translating gene-level heterotrophy data to biogeochemical flux models,Scaling up — no gene ID expected,TRUE,TRUE,FALSE,FALSE,FALSE,NA,https://pubmed.ncbi.nlm.nih.gov/?term=Levine%202025%20heterotrophy%20to%20carbon%20flux%20(modeling)
Hu2018,10.1111/1462-2920.14259,Hu,2018,Environmental Microbiology,Shifting metabolic priorities among key protistan taxa within and below the euphotic zone,metabolic gene expression (depth-stratified),heterotrophy metatranscriptome,Scaling up,Depth-stratified heterotrophy vs autotrophy gene expression,Marine protists (euphotic + mesopelagic),NA,NA,NA,unmatched,NA,unmatched,NA,Key protistan taxa shift from phototrophy to heterotrophy with depth; metatranscriptome evidence,Scaling up — no gene ID expected,TRUE,TRUE,FALSE,FALSE,FALSE,NA,https://pubmed.ncbi.nlm.nih.gov/?term=Hu%202018%20metabolic%20gene%20expression%20(depth-stratified)
Caron2017,10.1038/nrmicro.2016.160,Caron,2017,Nature Reviews Microbiology,Probing the evolution ecology and physiology of marine protists using transcriptomics,metatranscriptome marker genes,NA,Scaling up,Transcriptomic methods for marine protists,Marine protists (diverse),NA,NA,NA,unmatched,NA,unmatched,NA,Methods primer; no flux synthesis; important framing reference,Scaling up — no gene ID expected,TRUE,TRUE,FALSE,FALSE,FALSE,NA,https://pubmed.ncbi.nlm.nih.gov/?term=Caron%202017%20metatranscriptome%20marker%20genes
Moran2022,NA,Moran,2022,Nature Microbiology,Microbial metabolites in the marine carbon cycle,microbial metabolite flux (heterotrophy context),DOM cycling,Scaling up,Microbial metabolites linking heterotrophy to C cycling,Marine microbes (diverse),NA,NA,NA,unmatched,NA,unmatched,NA,Heterotrophic microbial metabolites as key links in marine carbon cycle; protist contributions included,Scaling up — no gene ID expected,TRUE,TRUE,FALSE,FALSE,TRUE,NA,https://pubmed.ncbi.nlm.nih.gov/?term=Moran%202022%20microbial%20metabolite%20flux%20(heterotrophy%20context)
Mitra2014,10.5194/bg-11-995-2014,Mitra,2014,Biogeosciences,The role of mixotrophic protists in the biological carbon pump,mixotrophic C pump role,mixotrophy carbon export,Scaling up,Mixotrophic contribution to biological carbon pump,Mixotrophic protists (diverse),NA,NA,NA,unmatched,NA,unmatched,NA,Mixotrophs as heterotrophs contribute substantially to biological carbon pump; review framework,Scaling up — no gene ID expected,TRUE,TRUE,FALSE,FALSE,FALSE,NA,https://pubmed.ncbi.nlm.nih.gov/?term=Mitra%202014%20mixotrophic%20C%20pump%20role
Moeller2024,10.1126/sciadv.adr0664,Moeller,2024,Science Advances,Predicting optimal mixotrophic metabolic strategies in the global ocean,optimal heterotrophy:phototrophy ratio,mixotrophic strategy model,Scaling up,Global modeling of optimal mixotrophic metabolic strategy,Marine mixotrophs (global),NA,NA,NA,unmatched,NA,unmatched,NA,Model predicts optimal phago:photo ratio by environment; connects gene expression to ocean carbon models,Scaling up — no gene ID expected,TRUE,TRUE,FALSE,FALSE,FALSE,NA,https://pubmed.ncbi.nlm.nih.gov/?term=Moeller%202024%20optimal%20heterotrophy:phototrophy%20ratio
Schoenle2025,10.1016/j.tig.2025.05.004,Schoenle,2025,Trends in Genetics,Protist genomics: key to understanding eukaryotic evolution,protist genome (heterotrophy gene evolution),protist genomics,Scaling up,Genomic basis of heterotrophic lifestyle evolution,Protists (diverse),NA,NA,NA,unmatched,NA,unmatched,NA,Protist genomics reveal evolution of heterotrophic gene repertoires; key for understanding phagocytosis origins,Scaling up — no gene ID expected,TRUE,TRUE,FALSE,FALSE,FALSE,NA,https://pubmed.ncbi.nlm.nih.gov/?term=Schoenle%202025%20protist%20genome%20(heterotrophy%20gene%20evolution)
Floeder2024,10.1002/ecs2.4950,Flöder,2024,Ecosphere,Competition between mixo and heterotrophic ciliates under dynamic resource supply,resource competition (mixo vs heterotrophic ciliates),ciliate competition,Scaling up,Competitive dynamics: mixotrophic vs heterotrophic ciliates,Ciliates (mixotrophic + heterotrophic),NA,NA,NA,unmatched,NA,unmatched,NA,Resource supply dynamics determine mixo vs heterotrophic strategy dominance,Scaling up — no gene ID expected,TRUE,TRUE,FALSE,FALSE,FALSE,NA,https://pubmed.ncbi.nlm.nih.gov/?term=Fl%C3%B6der%202024%20resource%20competition%20(mixo%20vs%20heterotrophic%20ciliates)
Seeleuthner2018,10.1038/s41467-017-02235-3,Seeleuthner,2018,Nature Communications,Single-cell genomics of multiple uncultured stramenopiles reveals underestimated functional diversity,stramenopile single-cell gene repertoire,SAG gene set,Scaling up,Uncultured stramenopile functional genomics,Uncultured stramenopiles (MAST; Tara Oceans),NA,NA,NA,unmatched,NA,unmatched,NA,SAG-based; phagocytosis and heterotrophy gene sets present in diverse uncultured stramenopile lineages,Scaling up — no gene ID expected,TRUE,TRUE,FALSE,FALSE,FALSE,NA,https://pubmed.ncbi.nlm.nih.gov/?term=Seeleuthner%202018%20stramenopile%20single-cell%20gene%20repertoire
Alexander2023,10.1128/mbio.01676-23,Alexander,2023,mBio,Eukaryotic genomes from a global metagenomic data set illuminate trophic modes and biogeography,trophic mode gene repertoire (MAG-based),heterotrophic gene set,Scaling up,Trophic mode inference from MAGs,Marine eukaryotes (global metagenomes),NA,NA,NA,unmatched,NA,unmatched,NA,MAG-based trophic prediction; heterotrophy gene signatures in uncultured taxa across ocean biomes,Scaling up — no gene ID expected,TRUE,TRUE,FALSE,FALSE,FALSE,NA,https://pubmed.ncbi.nlm.nih.gov/?term=Alexander%202023%20trophic%20mode%20gene%20repertoire%20(MAG-based)
Obiol2023,10.1186/s40168-023-01571-5,Obiol,2023,Microbiome,Gene expression dynamics of natural assemblages of heterotrophic flagellates during bacterivory,ESCRT-III (VPS4),VPS4A;SKD1,Vesicle trafficking,Multivesicular body/late endosome sorting,HNF natural assemblages,K12196,NA,NA,exact,NA,unmatched,NA,ESCRT pathway upregulated during bacterivory,OK — verify gene name in paper,FALSE,TRUE,FALSE,FALSE,FALSE,https://www.kegg.jp/entry/K12196,https://pubmed.ncbi.nlm.nih.gov/?term=Obiol%202023%20ESCRT-III%20(VPS4)
Labarre2021,10.1038/s41396-020-00885-8,Labarre,2021,The ISME Journal,Comparative genomics reveals new functional insights in uncultured MAST species,PI3-kinase (VPS34),PIK3C3;VPS34,Vesicle trafficking,Phosphoinositide 3-kinase; phagosome signaling,MAST lineages (15 species),K00914,phosphatidylinositol 3-kinase,phosphatidylinositol 3-kinase [EC:2.7.1.137],exact,NA,unmatched,NA,Produces PI3P on phagosome membrane; recruits effectors,OK — verify gene name in paper,FALSE,TRUE,FALSE,FALSE,FALSE,https://www.kegg.jp/entry/K00914,https://pubmed.ncbi.nlm.nih.gov/?term=Labarre%202021%20PI3-kinase%20(VPS34)
Labarre2021,10.1038/s41396-020-00885-8,Labarre,2021,The ISME Journal,Comparative genomics reveals new functional insights in uncultured MAST species,PI3-kinase (VPS34),PIK3C3;VPS34,Vesicle trafficking,Phosphoinositide 3-kinase; phagosome signaling,MAST lineages (15 species),K00914,"PIK3C3, VPS34",phosphatidylinositol 3-kinase [EC:2.7.1.137],exact,NA,unmatched,NA,Produces PI3P on phagosome membrane; recruits effectors,OK — verify gene name in paper,FALSE,TRUE,FALSE,FALSE,FALSE,https://www.kegg.jp/entry/K00914,https://pubmed.ncbi.nlm.nih.gov/?term=Labarre%202021%20PI3-kinase%20(VPS34)
Labarre2021,10.1038/s41396-020-00885-8,Labarre,2021,The ISME Journal,Comparative genomics reveals new functional insights in uncultured MAST species,PI3-kinase (VPS34),PIK3C3;VPS34,Vesicle trafficking,Phosphoinositide 3-kinase; phagosome signaling,MAST lineages (15 species),K00914,"PIK3C3, VPS34",Phosphatidylinositol 3-kinase,exact,NA,unmatched,NA,Produces PI3P on phagosome membrane; recruits effectors,OK — verify gene name in paper,FALSE,TRUE,FALSE,FALSE,FALSE,https://www.kegg.jp/entry/K00914,https://pubmed.ncbi.nlm.nih.gov/?term=Labarre%202021%20PI3-kinase%20(VPS34)
Labarre2020,10.1002/lno.11379,Labarre,2020,Limnology and Oceanography,Expression of genes involved in phagocytosis in uncultured heterotrophic flagellates,RAB7,Rab7A,Vesicle trafficking,Late endosome maturation,MAST heterotrophic flagellates,K07900,NA,NA,exact,NA,unmatched,NA,Marks transition from early to late phagosome,OK — verify gene name in paper,FALSE,TRUE,FALSE,FALSE,FALSE,https://www.kegg.jp/entry/K07900,https://pubmed.ncbi.nlm.nih.gov/?term=Labarre%202020%20RAB7
Liu2016,10.1093/femsec/fiw106,Liu,2016,FEMS Microbiology Ecology,Gene expression characterizes different nutritional strategies among three mixotrophic protists,Rab11 (recycling endosome),RAB11A,Vesicle trafficking,Endosomal recycling,Ochromonas sp.; Prymnesium parvum; Chrysochromulina sp.,K07904,NA,NA,exact,NA,unmatched,NA,Vesicle trafficking gene differentially expressed across mixotrophic strategies,OK — verify gene name in paper,FALSE,TRUE,FALSE,FALSE,FALSE,https://www.kegg.jp/entry/K07904,https://pubmed.ncbi.nlm.nih.gov/?term=Liu%202016%20Rab11%20(recycling%20endosome)
Boulais2010,10.1038/msb.2010.80,Boulais,2010,Molecular Systems Biology,Molecular characterization of the evolution of phagosomes,Rab14,NA,Vesicle trafficking,Phagosome-recycling endosome trafficking,Dictyostelium discoideum,K07893,NA,NA,exact,NA,unmatched,NA,Deep conservation of phagosomal Rab network,OK — verify gene name in paper,FALSE,TRUE,FALSE,FALSE,FALSE,https://www.kegg.jp/entry/K07893,https://pubmed.ncbi.nlm.nih.gov/?term=Boulais%202010%20Rab14
Labarre2021,10.1038/s41396-020-00885-8,Labarre,2021,The ISME Journal,Comparative genomics reveals new functional insights in uncultured MAST species,Rab5,RAB5A,Vesicle trafficking,Early phagosome maturation,MAST lineages (15 species),K07889,Rab-5C,Ras-related protein Rab-5C,exact,NA,unmatched,NA,Early endosomal marker; present across MAST lineages,OK — verify gene name in paper,FALSE,TRUE,FALSE,FALSE,FALSE,https://www.kegg.jp/entry/K07889,https://pubmed.ncbi.nlm.nih.gov/?term=Labarre%202021%20Rab5
Labarre2021,10.1038/s41396-020-00885-8,Labarre,2021,The ISME Journal,Comparative genomics reveals new functional insights in uncultured MAST species,Rab5,RAB5A,Vesicle trafficking,Early phagosome maturation,MAST lineages (15 species),K07889,RAB5C,Ras-related protein Rab-5C,exact,NA,unmatched,NA,Early endosomal marker; present across MAST lineages,OK — verify gene name in paper,FALSE,TRUE,FALSE,FALSE,FALSE,https://www.kegg.jp/entry/K07889,https://pubmed.ncbi.nlm.nih.gov/?term=Labarre%202021%20Rab5
Labarre2020,10.1002/lno.11379,Labarre,2020,Limnology and Oceanography,Expression of genes involved in phagocytosis in uncultured heterotrophic flagellates,VAMP7,TI-VAMP;synaptobrevin,Vesicle trafficking,Phagolysosome fusion,MAST heterotrophic flagellates,K08488,syntaxin 7,syntaxin 7,exact,NA,unmatched,NA,SNARE protein mediating phagosome-lysosome fusion,OK — verify gene name in paper,FALSE,TRUE,FALSE,FALSE,FALSE,https://www.kegg.jp/entry/K08488,https://pubmed.ncbi.nlm.nih.gov/?term=Labarre%202020%20VAMP7
Labarre2020,10.1002/lno.11379,Labarre,2020,Limnology and Oceanography,Expression of genes involved in phagocytosis in uncultured heterotrophic flagellates,VAMP7,TI-VAMP;synaptobrevin,Vesicle trafficking,Phagolysosome fusion,MAST heterotrophic flagellates,K08488,syntaxin 7,syntaxin 7,exact,NA,unmatched,NA,SNARE protein mediating phagosome-lysosome fusion,OK — verify gene name in paper,FALSE,TRUE,FALSE,FALSE,FALSE,https://www.kegg.jp/entry/K08488,https://pubmed.ncbi.nlm.nih.gov/?term=Labarre%202020%20VAMP7
Labarre2021,10.1038/s41396-020-00885-8,Labarre,2021,The ISME Journal,Comparative genomics reveals new functional insights in uncultured MAST species,WASH complex,WASHC1;FAM21,Vesicle trafficking,Retromer-mediated recycling from endosomes,MAST lineages (15 species),K12171,NA,NA,exact,NA,unmatched,NA,Actin nucleation on endosomes for cargo sorting,OK — verify gene name in paper,FALSE,TRUE,FALSE,FALSE,FALSE,https://www.kegg.jp/entry/K12171,https://pubmed.ncbi.nlm.nih.gov/?term=Labarre%202021%20WASH%20complex
