order,Category01,FullName,Category02,KEGG,PFAM,GeneID,Descriptions,,REFs,Questions,,,,Category01
,Carbon fixation,"fructose-1,6-bisphosphatase I ",Calvin cycle,K03841,,"FBP, fbp","carbon fixation, reduction, and regenerating starting materials. Light energy used to make organic molecules",,,complete calvin cycle?,,,,Carbon fixation
,Carbon fixation,"fructose-1,6-bisphosphatase II ",Calvin cycle,K02446,,glpX,"carbon fixation, reduction, and regenerating starting materials. Light energy used to make organic molecules",,,complete calvin cycle?,,,,Gluconeogenesis-glycolysis
,Carbon fixation,"fructose-1,6-bisphosphatase II / sedoheptulose-1,7-bisphosphatase ",Calvin cycle,K11532,,glpX-SEBP,"carbon fixation, reduction, and regenerating starting materials. Light energy used to make organic molecules",,,complete calvin cycle?,,,,Energy Acquisition
,Carbon fixation,"fructose-1,6-bisphosphatase III ",Calvin cycle,K04041,,fbp3,"carbon fixation, reduction, and regenerating starting materials. Light energy used to make organic molecules",,,complete calvin cycle?,,,,Photosynthesis
,Carbon fixation,"fructose-bisphosphate aldolase, class I ",Calvin cycle,K01623,,ALDO,"carbon fixation, reduction, and regenerating starting materials. Light energy used to make organic molecules",,,complete calvin cycle?,,,,N and P metabolism
,Carbon fixation,"fructose-bisphosphate aldolase, class II ",Calvin cycle,K01624,,"FBA, fbaA","carbon fixation, reduction, and regenerating starting materials. Light energy used to make organic molecules",,,complete calvin cycle?,,,,Nutrient processing
,Carbon fixation,glyceraldehyde 3-phosphate dehydrogenase ,Calvin cycle,K00134,,"GAPDH, gapA","carbon fixation, reduction, and regenerating starting materials. Light energy used to make organic molecules",,,complete calvin cycle?,,,,Phagotrophy
,Carbon fixation,glyceraldehyde-3-phosphate dehydrogenase (NAD(P)) ,Calvin cycle,K00150,,gap2,"carbon fixation, reduction, and regenerating starting materials. Light energy used to make organic molecules",,,complete calvin cycle?,,,,Glycosaminoglycan
,Carbon fixation,glyceraldehyde-3-phosphate dehydrogenase (NADP+) (phosphorylating) ,Calvin cycle,K05298,,GAPA,"carbon fixation, reduction, and regenerating starting materials. Light energy used to make organic molecules",,,complete calvin cycle?,,,,
,Carbon fixation,phosphoglycerate kinase ,Calvin cycle,K00927,,"PGK, pgk","carbon fixation, reduction, and regenerating starting materials. Light energy used to make organic molecules",,,complete calvin cycle?,,,,
,Carbon fixation,phosphoribulokinase ,Calvin cycle,K00855,PF00485,"PRK, prkB","carbon fixation, reduction, and regenerating starting materials. Light energy used to make organic molecules",,,complete calvin cycle?,,,,
,Carbon fixation,ribose 5-phosphate isomerase A ,Calvin cycle,K01807,,rpiA,"carbon fixation, reduction, and regenerating starting materials. Light energy used to make organic molecules",,,complete calvin cycle?,,,,
,Carbon fixation,ribose 5-phosphate isomerase B ,Calvin cycle,K01808,,rpiB,"carbon fixation, reduction, and regenerating starting materials. Light energy used to make organic molecules",,,complete calvin cycle?,,,,
,Carbon fixation,ribulose-bisphosphate carboxylase large chain ,Calvin cycle,K01601,,rbcL,"carbon fixation, reduction, and regenerating starting materials. Light energy used to make organic molecules",,,complete calvin cycle?,,,,
,Carbon fixation,ribulose-bisphosphate carboxylase small chain ,Calvin cycle,K01602,,rbcS,"carbon fixation, reduction, and regenerating starting materials. Light energy used to make organic molecules",,,complete calvin cycle?,,,,
,Carbon fixation,sedoheptulose-bisphosphatase ,Calvin cycle,K01100,,SBPase,"carbon fixation, reduction, and regenerating starting materials. Light energy used to make organic molecules",,,complete calvin cycle?,,,,
,Carbon fixation,transketolase ,Calvin cycle,K00615,,"tktA, tktB","carbon fixation, reduction, and regenerating starting materials. Light energy used to make organic molecules",,,complete calvin cycle?,,,,
,Gluconeogenesis-glycolysis,"2,3-bisphosphoglycerate-dependent phosphoglycerate mutase ",Gluconeogenesis,K01834,,"PGAM, gpmA","Create glucose from non-carbohydrate carbon substrate, catabolic",,,Complete?,,,,
,Gluconeogenesis-glycolysis,"2,3-bisphosphoglycerate-independent phosphoglycerate mutase ",Gluconeogenesis,K15633,,gpmI,"Create glucose from non-carbohydrate carbon substrate, catabolic",,,Complete?,,,,
,Gluconeogenesis-glycolysis,"2,3-bisphosphoglycerate-independent phosphoglycerate mutase ",Gluconeogenesis,K15635,,apgM,"Create glucose from non-carbohydrate carbon substrate, catabolic",,,Complete?,,,,
,Gluconeogenesis-glycolysis,enolase ,Gluconeogenesis,K01689,,"ENO, eno","Create glucose from non-carbohydrate carbon substrate, catabolic",,,Complete?,,,,
,Gluconeogenesis-glycolysis,"fructose 1,6-bisphosphate aldolase/phosphatase ",Gluconeogenesis,K01622,,fbp aldolase/phosphatase,"Key enzyme in gluconeogenesis (see mention wrt diatoms in Chauton et al. 2013, Allen et al. 2012). Create glucose from non-carbohydrate carbon substrate, catabolic",,,Complete?,,,,
,Gluconeogenesis-glycolysis,"fructose-1,6-bisphosphatase I ",Gluconeogenesis,K03841,,"FBP, fbp","Create glucose from non-carbohydrate carbon substrate, catabolic",,,Complete?,,,,
,Gluconeogenesis-glycolysis,"fructose-1,6-bisphosphatase II ",Gluconeogenesis,K02446,,glpX,"Create glucose from non-carbohydrate carbon substrate, catabolic",,,Complete?,,,,
,Gluconeogenesis-glycolysis,"fructose-1,6-bisphosphatase II / sedoheptulose-1,7-bisphosphatase ",Gluconeogenesis,K11532,,glpX-SEBP,"Create glucose from non-carbohydrate carbon substrate, catabolic",,,Complete?,,,,
,Gluconeogenesis-glycolysis,"fructose-1,6-bisphosphatase III ",Gluconeogenesis,K04041,,fbp3,"Create glucose from non-carbohydrate carbon substrate, catabolic",,,Complete?,,,,
,Gluconeogenesis-glycolysis,"fructose-bisphosphate aldolase, class I ",Gluconeogenesis,K01623,,ALDO,"Create glucose from non-carbohydrate carbon substrate, catabolic",,,Complete?,,,,
,Gluconeogenesis-glycolysis,"fructose-bisphosphate aldolase, class I ",Gluconeogenesis,K11645,,fbaB,"Create glucose from non-carbohydrate carbon substrate, catabolic",,,Complete?,,,,
,Gluconeogenesis-glycolysis,"fructose-bisphosphate aldolase, class II ",Gluconeogenesis,K01624,,"FBA, fbaA","Create glucose from non-carbohydrate carbon substrate, catabolic",,,Complete?,,,,
,Gluconeogenesis-glycolysis,glyceraldehyde 3-phosphate dehydrogenase ,Gluconeogenesis,K00134,,"GAPDH, gapA","Create glucose from non-carbohydrate carbon substrate, catabolic",,,Complete?,,,,
,Gluconeogenesis-glycolysis,glyceraldehyde-3-phosphate dehydrogenase (NAD(P)) ,Gluconeogenesis,K00150,,gap2,"Create glucose from non-carbohydrate carbon substrate, catabolic",,,Complete?,,,,
,Gluconeogenesis-glycolysis,phosphoenolpyruvate carboxykinase (ATP) ,Gluconeogenesis,K01610,,pckA,"Create glucose from non-carbohydrate carbon substrate, catabolic",,,Complete?,,,,
,Gluconeogenesis-glycolysis,phosphoenolpyruvate carboxykinase (GTP) ,Gluconeogenesis,K01596,,"pckA, PCK","Create glucose from non-carbohydrate carbon substrate, catabolic",,,Complete?,,,,
,Gluconeogenesis-glycolysis,phosphoglycerate kinase ,Gluconeogenesis,K00927,,"PGK, pgk","Create glucose from non-carbohydrate carbon substrate, catabolic",,,Complete?,,,,
,Gluconeogenesis-glycolysis,probable phosphoglycerate mutase ,Gluconeogenesis,K15634,,gpmB,"Create glucose from non-carbohydrate carbon substrate, catabolic",,,Complete?,,,,
,Gluconeogenesis-glycolysis,triosephosphate isomerase (TIM) ,Gluconeogenesis,K01803,,"TPI, tpiA","Create glucose from non-carbohydrate carbon substrate, catabolic",,,Complete?,,,,
,Gluconeogenesis-glycolysis,"2,3-bisphosphoglycerate-dependent phosphoglycerate mutase ",Glycolysis,K01834,,"PGAM, gpmA","Hydrolysis of glucose to create energy, catabolic",,,Complete?,,,,
,Gluconeogenesis-glycolysis,"2,3-bisphosphoglycerate-independent phosphoglycerate mutase ",Glycolysis,K15633,,gpmI,"Hydrolysis of glucose to create energy, catabolic",,,Complete?,,,,
,Gluconeogenesis-glycolysis,"2,3-bisphosphoglycerate-independent phosphoglycerate mutase ",Glycolysis,K15635,,apgM,"Hydrolysis of glucose to create energy, catabolic",,,Complete?,,,,
,Gluconeogenesis-glycolysis,6-phosphofructokinase 1 ,Glycolysis,K00850,,"pfkA, PFK","Hydrolysis of glucose to create energy, catabolic",,,Complete?,,,,
,Gluconeogenesis-glycolysis,6-phosphofructokinase 2 ,Glycolysis,K16370,,pfkB,"Hydrolysis of glucose to create energy, catabolic",,,Complete?,,,,
,Gluconeogenesis-glycolysis,ADP-dependent glucokinase ,Glycolysis,K08074,,ADPGK,"Hydrolysis of glucose to create energy, catabolic",,,Complete?,,,,
,Gluconeogenesis-glycolysis,enolase ,Glycolysis,K01689,,"ENO, eno","Hydrolysis of glucose to create energy, catabolic",,,Complete?,,,,
,Gluconeogenesis-glycolysis,"fructose-bisphosphate aldolase / 2-amino-3,7-dideoxy-D-threo-hept-6-ulosonate synthase ",Glycolysis,K16306,,fbp aldolase,"Hydrolysis of glucose to create energy, catabolic",,,Complete?,,,,
,Gluconeogenesis-glycolysis,"fructose-bisphosphate aldolase, class I ",Glycolysis,K01623,,ALDO,"Hydrolysis of glucose to create energy, catabolic",,,Complete?,,,,
,Gluconeogenesis-glycolysis,"fructose-bisphosphate aldolase, class I ",Glycolysis,K11645,,fbaB,"Hydrolysis of glucose to create energy, catabolic",,,Complete?,,,,
,Gluconeogenesis-glycolysis,"fructose-bisphosphate aldolase, class II ",Glycolysis,K01624,,"FBA, fbaA","Hydrolysis of glucose to create energy, catabolic",,,Complete?,,,,
,Gluconeogenesis-glycolysis,glucokinase ,Glycolysis,K00845,,glk,"Hydrolysis of glucose to create energy, catabolic",,,Complete?,,,,
,Gluconeogenesis-glycolysis,glucokinase ,Glycolysis,K12407,,GCK,"Hydrolysis of glucose to create energy, catabolic",,,Complete?,,,,
,Gluconeogenesis-glycolysis,glucose-6-phosphate isomerase ,Glycolysis,K01810,,"GPI, pgi","Hydrolysis of glucose to create energy, catabolic",,,Complete?,,,,
,Gluconeogenesis-glycolysis,glyceraldehyde 3-phosphate dehydrogenase ,Glycolysis,K00134,,"GAPDH, gapA","Hydrolysis of glucose to create energy, catabolic",,,Complete?,,,,
,Gluconeogenesis-glycolysis,glyceraldehyde-3-phosphate dehydrogenase (NAD(P)) ,Glycolysis,K00150,,gap2,"Hydrolysis of glucose to create energy, catabolic",,,Complete?,,,,
,Gluconeogenesis-glycolysis,hexokinase ,Glycolysis,K00844,,HK,"Hydrolysis of glucose to create energy, catabolic",,,Complete?,,,,
,Gluconeogenesis-glycolysis,phosphoglycerate kinase ,Glycolysis,K00927,,"PGK, pgk","Hydrolysis of glucose to create energy, catabolic",,,Complete?,,,,
,Gluconeogenesis-glycolysis,polyphosphate glucokinase ,Glycolysis,K00886,,ppgK,"Hydrolysis of glucose to create energy, catabolic",,,Complete?,,,,
,Gluconeogenesis-glycolysis,probable phosphoglycerate mutase ,Glycolysis,K15634,,gpmB,"Hydrolysis of glucose to create energy, catabolic",,,Complete?,,,,
,Gluconeogenesis-glycolysis,pyruvate kinase ,Glycolysis,K00873,,"PK, pyk","Hydrolysis of glucose to create energy, catabolic",,,Complete?,,,,
,Gluconeogenesis-glycolysis,pyruvate kinase isozymes R/L ,Glycolysis,K12406,,PKLR,"Hydrolysis of glucose to create energy, catabolic",,,Complete?,,,,
,Gluconeogenesis-glycolysis,transaldolase / glucose-6-phosphate isomerase ,Glycolysis,K13810,,tal-pgi,"Hydrolysis of glucose to create energy, catabolic",,,Complete?,,,,
,Gluconeogenesis-glycolysis,triosephosphate isomerase (TIM) ,Glycolysis,K01803,,"TPI, tpiA","Hydrolysis of glucose to create energy, catabolic",,,Complete?,,,,
,Entner-Doudoroff pathway,2-dehydro-3-deoxyphosphogluconate aldolase / (4S)-4-hydroxy-2-oxoglutarate aldolase,,K01625,,eda,pathway that converts glc-6-P to pyruvate and glyceraldehyde-3-phosphate- hypothesized pathways to feed pyruvate into the TCA cycle when other sources of pyruvate (via glycolysys) are limited. EDA is a key enzyme in this pathway; diel regulation in diatoms (Chauton et al. 2013),,,,,,,
,,pyruvate-ferredoxin/flavodoxin oxidoreductase,por,K03737,,"por, nifJ",,,,,,,,
,Glyoxylate cycle,aconitate hydratase ,Glyoxylate cycle,K01681,,"ACO, acnA","Alternate TCA cycle, anabolic, creates glucose from fatty acids",,,Complete glyoxylate cycle?,,,,
,Glyoxylate cycle,aconitate hydratase 2 / 2-methylisocitrate dehydratase ,Glyoxylate cycle,K01682,,acnB,"Alternate TCA cycle, anabolic, creates glucose from fatty acids",,,Complete glyoxylate cycle?,,,,
,Glyoxylate cycle,citrate synthase ,Glyoxylate cycle,K01647,,"CS, gltA","Alternate TCA cycle, anabolic, creates glucose from fatty acids",,,Complete glyoxylate cycle?,,,,
,Glyoxylate cycle,isocitrate lyase ,Glyoxylate cycle,K01637,,aceA,"Alternate TCA cycle, anabolic, creates glucose from fatty acids",,,Complete glyoxylate cycle?,,,,
,Glyoxylate cycle,malate dehydrogenase ,Glyoxylate cycle,K00024,,mdh,"Alternate TCA cycle, anabolic, creates glucose from fatty acids",,,Complete glyoxylate cycle?,,,,
,Glyoxylate cycle,malate dehydrogenase ,Glyoxylate cycle,K00025,,MDH1,"Alternate TCA cycle, anabolic, creates glucose from fatty acids",,,Complete glyoxylate cycle?,,,,
,Glyoxylate cycle,malate dehydrogenase ,Glyoxylate cycle,K00026,,MDH2,"Alternate TCA cycle, anabolic, creates glucose from fatty acids",,,Complete glyoxylate cycle?,,,,
,Glyoxylate cycle,malate synthase ,Glyoxylate cycle,K01638,,"aceB, glcB","Alternate TCA cycle, anabolic, creates glucose from fatty acids",,,Complete glyoxylate cycle?,,,,
,Photosynthesis,photosystem I P700 chlorophyll a apoprotein A1,Photosystem,K02689,,psaA,,,,"Photosynthetic genes, complete? Or diversity of photosystems?",,,,
,Photosynthesis,photosystem I P700 chlorophyll a apoprotein A2,Photosystem,K02690,,psaB,,,,"Photosynthetic genes, complete? Or diversity of photosystems?",,,,
,Photosynthesis,photosystem I subunit II,Photosystem,K02692,,psaD,,,,"Photosynthetic genes, complete? Or diversity of photosystems?",,,,
,Photosynthesis,photosystem I subunit III,Photosystem,K02694,,psaF,,,,"Photosynthetic genes, complete? Or diversity of photosystems?",,,,
,Photosynthesis,photosystem I subunit IV,Photosystem,K02693,,psaE,,,,"Photosynthetic genes, complete? Or diversity of photosystems?",,,,
,Photosynthesis,photosystem I subunit VII,Photosystem,K02691,,psaC,,,,"Photosynthetic genes, complete? Or diversity of photosystems?",,,,
,Photosynthesis,photosystem II CP43 chlorophyll apoprotein,Photosystem,K02705,,psbC,,,,"Photosynthetic genes, complete? Or diversity of photosystems?",,,,
,Photosynthesis,photosystem II CP47 chlorophyll apoprotein,Photosystem,K02704,,psbB,,,,"Photosynthetic genes, complete? Or diversity of photosystems?",,,,
,Photosynthesis,photosystem II cytochrome b559 subunit beta,Photosystem,K02708,,psbF,,,,"Photosynthetic genes, complete? Or diversity of photosystems?",,,,
,Photosynthesis,photosystem II P680 reaction center D1 protein ,Photosystem,K02703,,psbA,,,,"Photosynthetic genes, complete? Or diversity of photosystems?",,,,
,Photosynthesis,photosystem II P680 reaction center D2 protein ,Photosystem,K02706,,psbD,,,,"Photosynthetic genes, complete? Or diversity of photosystems?",,,,
,Energy Acquisition,2-oxoglutarate dehydrogenase E1 component ,TCA cycle,K00164,,"OGDH, sucA",,,,"TCA cycle, complete?",,,,
,Energy Acquisition,2-oxoglutarate dehydrogenase E2 component (dihydrolipoamide succinyltransferase) ,TCA cycle,K00658,,"DLST, sucB",,,,"TCA cycle, complete?",,,,
,Energy Acquisition,2-oxoglutarate/2-oxoacid ferredoxin oxidoreductase subunit alpha ,TCA cycle,K00174,,"korA, oorA, oforA",,,,"TCA cycle, complete?",,,,
,Energy Acquisition,2-oxoglutarate/2-oxoacid ferredoxin oxidoreductase subunit beta ,TCA cycle,K00175,,"korB, oorB, oforB",,,,"TCA cycle, complete?",,,,
,Energy Acquisition,aconitate hydratase ,TCA cycle,K01681,,"ACO, acnA",,,,"TCA cycle, complete?",,,,
,Energy Acquisition,aconitate hydratase 2 / 2-methylisocitrate dehydratase ,TCA cycle,K01682,,acnB,,,,"TCA cycle, complete?",,,,
,Energy Acquisition,citrate synthase ,TCA cycle,K01647,,"CS, gltA",,,,"TCA cycle, complete?",,,,
,Energy Acquisition,dihydrolipoamide dehydrogenase ,TCA cycle,K00382,,"DLD, lpd, pdhD",,,,"TCA cycle, complete?",,,,
,Energy Acquisition,fumarate hydratase subunit alpha ,TCA cycle,K01677,,fumA,,,,"TCA cycle, complete?",,,,
,Energy Acquisition,"fumarate hydratase, class I ",TCA cycle,K01676,,"fumA, fumB",,,,"TCA cycle, complete?",,,,
,Energy Acquisition,"fumarate hydratase, class II ",TCA cycle,K01679,,fumC,,,,"TCA cycle, complete?",,,,
,Energy Acquisition,fumarate reductase flavoprotein subunit ,TCA cycle,K00244,,frdA,,,,"TCA cycle, complete?",,,,
,Energy Acquisition,fumarate reductase iron-sulfur subunit ,TCA cycle,K00245,,frdB,,,,"TCA cycle, complete?",,,,
,Energy Acquisition,fumarate reductase subunit D,TCA cycle,K00247,,frdD,,,,"TCA cycle, complete?",,,,
,Energy Acquisition,isocitrate dehydrogenase ,TCA cycle,K00031,,"IDH1, IDH2, icd",,,,"TCA cycle, complete?",,,,
,Energy Acquisition,isocitrate dehydrogenase (NAD+) ,TCA cycle,K00030,,IDH3,,,,"TCA cycle, complete?",,,,
,Energy Acquisition,malate dehydrogenase ,TCA cycle,K00024,,mdh,,,,"TCA cycle, complete?",,,,
,Energy Acquisition,malate dehydrogenase ,TCA cycle,K00025,,MDH1,,,,"TCA cycle, complete?",,,,
,Energy Acquisition,malate dehydrogenase ,TCA cycle,K00026,,MDH2,,,,"TCA cycle, complete?",,,,
,Energy Acquisition,malate dehydrogenase (quinone) ,TCA cycle,K00116,,mqo,,,,"TCA cycle, complete?",,,,
,Energy Acquisition,succinate dehydrogenase (ubiquinone) cytochrome b560 subunit,TCA cycle,K00236,,"SDHC, SDH3",,,,"TCA cycle, complete?",,,,
,Energy Acquisition,succinate dehydrogenase (ubiquinone) flavoprotein subunit ,TCA cycle,K00234,,"SDHA, SDH1",,,,"TCA cycle, complete?",,,,
,Energy Acquisition,succinate dehydrogenase (ubiquinone) iron-sulfur subunit ,TCA cycle,K00235,,"SDHB, SDH2",,,,"TCA cycle, complete?",,,,
,Energy Acquisition,succinate dehydrogenase (ubiquinone) membrane anchor subunit,TCA cycle,K00237,,"SDHD, SDH4",,,,"TCA cycle, complete?",,,,
,Energy Acquisition,"succinate dehydrogenase / fumarate reductase, cytochrome b subunit",TCA cycle,K00241,,"sdhC, frdC",,,,"TCA cycle, complete?",,,,
,Energy Acquisition,"succinate dehydrogenase / fumarate reductase, flavoprotein subunit ",TCA cycle,K00239,,"sdhA, frdA",,,,"TCA cycle, complete?",,,,
,Energy Acquisition,"succinate dehydrogenase / fumarate reductase, iron-sulfur subunit ",TCA cycle,K00240,,"sdhB, frdB",,,,"TCA cycle, complete?",,,,
,Energy Acquisition,"succinate dehydrogenase / fumarate reductase, membrane anchor subunit",TCA cycle,K00242,,"sdhD, frdD",,,,"TCA cycle, complete?",,,,
,Energy Acquisition,succinyl-CoA synthetase alpha subunit ,TCA cycle,K01899,,LSC1,,,,"TCA cycle, complete?",,,,
,Energy Acquisition,succinyl-CoA synthetase alpha subunit ,TCA cycle,K01902,,sucD,,,,"TCA cycle, complete?",,,,
,Energy Acquisition,succinyl-CoA synthetase beta subunit ,TCA cycle,K01900,,LSC2,,,,"TCA cycle, complete?",,,,
,Energy Acquisition,succinyl-CoA synthetase beta subunit ,TCA cycle,K01903,,sucC,,,,"TCA cycle, complete?",,,,
,,,,,,,,,,,,,,
1,N and P metabolism,"MFS transporter, NNP family, nitrate/nitrite transporter",Nitrogen,K02575,,"NRT, narK, nrtP, nasA",Transporting nitrate into cell,,"Haley et al. 2017, Alexander et al. 2015",,,,,
,,Formate/nitrite transporter,Nitrogen,,PF01226,NAR,,,,,,,,
2,N and P metabolism,"ammonium transporter, Amt family",Nitrogen,K03320,,"amt, AMT, MEP",Transport ammonium into cell,,"Haley et al. 2017, Alexander et al. 2015",,,,,
3,N and P metabolism,General L-amino acid transport system,Nitrogen,K09969,,AAPJ,Transporting amino acids into the cell,,Alexander et al. 2015,,,,,
4,N and P metabolism,nitrate reductase (NAD(P)H),Nitrogen,K10534,,NR,Converting nitrate to nitrite,,"Haley et al. 2017, Alexander et al. 2015",,,,,
5,N and P metabolism,ferredoxin-nitrite reductase ,Nitrogen,K00366,,nirA,Converting nitrite to ammonium,,"Haley et al. 2017, Alexander et al. 2015",,,,,
6,N and P metabolism,Hydroxylamine reductase,Nitrogen,K05601,,HCP,"Oxidoreductases, nitrogen metabolism, cofactors: FAD and Flavoprotein",,Alexander et al. 2015,,,,,
7,N and P metabolism,Nitronate monooxygenase,Nitrogen,K00459,,NPD,Oxygen-dependent process that oxidizes alkyl nitronates,,Alexander et al. 2015,,,,,
8,N and P metabolism,Cyanate lyase,Nitrogen,K01725,,CYNS,,,Alexander et al. 2015,,,,,
9,N and P metabolism,glutamine synthetase ,GS/GOGAT,K01915,,"glnA, GLUL",,,Alexander et al. 2015,,,,,
10,N and P metabolism,glutamate synthase (NADPH/NADH) ,GS/GOGAT,K00264,,GLT1,,,Alexander et al. 2015,,,,,
11,N and P metabolism,glutamate synthase (ferredoxin) ,GS/GOGAT,K00284,,GLT(ferredoxin),,,Alexander et al. 2015,,,,,
12,N and P metabolism,glutamate synthase; small chain,GS/GOGAT,K00266,,GLTD,,,Alexander et al. 2015,,,,,
13,N and P metabolism,glutamate dehydrogenase (NADP+) ,GS/GOGAT,K00262,,gdhA,,,Alexander et al. 2015,,,,,
14,N and P metabolism,glutamate dehydrogenase,GS/GOGAT,K15371,,gdh2,,,Alexander et al. 2015,,,,,
15,N and P metabolism,carbamoyl-phosphate synthase (ammonia),Urea cycle,K01948,,CPS1,,,Alexander et al. 2015,,,,,
16,N and P metabolism,ornithine carbamoyltransferase,Urea cycle,K00611,,"OTC, argF, argI",,,Alexander et al. 2015,,,,,
17,N and P metabolism,argininosuccinate synthase,Urea cycle,K01940,,"argG, ASS1",,,Alexander et al. 2015,,,,,
18,N and P metabolism,argininosuccinate lyase,Urea cycle,K01755,,"argH, ASL",,,Alexander et al. 2015,,,,,
19,N and P metabolism,arginase ,Urea cycle,K01476,,"rocF, arg",,,Alexander et al. 2015,,,,,
20,N and P metabolism,urease,Urea cycle,K01427,,URE,,,Alexander et al. 2015,,,,,
21,N and P metabolism,urease accessory protein,Urea cycle,K03189,,ureG,,,"Haley et al., 2017",,,,,
22,N and P metabolism,urease accessory protein,Urea cycle,K03190,,"ureD, ureH",,,"Haley et al., 2017",,,,,
23,N and P metabolism,urea transporter,Urea cycle,,PF03253,UT,,,"Haley et al., 2017",,,,,
24,N and P metabolism,urea-proton symporter,Urea cycle,K20989,,DUR3,,,"Haley et al., 2017",,,,,
25,N and P metabolism,phosphate transporter,Phosphorus,K14430,,PHO87_91,,,"Haley et al. 2017, Alexander et al. 2015",,,,,
26,N and P metabolism,Putative phosphate transporter,Phosphorus,K02036,,PTA,,,"Haley et al. 2017, Alexander et al. 2015",,,,,
27,N and P metabolism,Sodium-phosphate cotransporter,Phosphorus,K14683,,NPT,,,"Haley et al. 2017, Alexander et al. 2015",,,,,
28,N and P metabolism,Arsenite-transporting ATPase,Phosphorus,K01551,,ARSA,,,"Haley et al. 2017, Alexander et al. 2015",,,,,
29,N and P metabolism,5-nucleotidase,Phosphorus,K01081,,5-nucleotidase,,,Haley et al. 2017,,,,,
30,N and P metabolism,"Alkaline phosphatase, phosphatase",Phosphorus,K01113,PF09423,phoD,,,Haley et al. 2017,,,,,
31,N and P metabolism,Glycerophosphoryl diester phosphodiesterase,Phosphorus,K01126,,GDP,glycerophosphdiester to phosphate,,"Haley et al. 2017, Alexander et al. 2015",,,,,
32,N and P metabolism,5’-bisphosphate nucleotidase,Phosphorus,K01082,,NTD,Nucleotides to phosphate,,"Haley et al. 2017, Alexander et al. 2015",,,,,
33,N and P metabolism,Vacuolar transport chaperone (VTC4 homolog),Phosphorus,,PF09359,VTC,"polyP metabolism uses VTC (Ogawa et al. 2000), polyphosphate polymerase cleaves P from ATP to make polyphosphate (Hothorn et al., 2009)",,Haley et al. 2017,,,,,
34,N and P metabolism,"Arsenate reductase, arsC",Phosphorus,K00537,,arsC,arsenic detoxification,,Haley et al. 2017,,,,,
,,acetamidase/formamidase family,Phosphorus,,PF03069,AMD,hydrolysis of amides for use as c or n source,,,,,,,
,,Malate:quinone oxidoreductase,,,PF06039,Mqo,,,,,,,,
,,,,,PF01053,,,,,,,,,
,Nutrient processing,cytochrome-b5 reductase,Inorganic N uptake and assimilation,K00326,,cytochrome-b5 reductase,,,,,,,,
,Nutrient processing,glutaminase ,GS/GOGAT,K01425,,"glsA, GLS",,,,,,,,
,Nutrient processing,linoleoyl-CoA desaturase,Inorganic N uptake and assimilation,K00508,,linoleoyl-CoA desaturase,,,,,,,,
,Nutrient processing,lysosomal Pro-X carboxypeptidase,Inorganic N uptake and assimilation,K01285,,PRCP,,,,,,,,
,Nutrient processing,sphingolipid 8-(E)-desaturase,Inorganic N uptake and assimilation,K13076,,SLD,,,,,,,,
,Nutrient processing,sulfite oxidase,Inorganic N uptake and assimilation,K00387,,SUOX,,,,,,,,
,Nutrient processing,assimilatory nitrate reductase catalytic subunit ,Nitrate reduction (assimilatory),K00372,,nasA,,,,,,,,
,Nutrient processing,nitrite reductase (NAD(P)H) ,Nitrate reduction (assimilatory),K17877,,NIT-6,,,,,,,,
,Nutrient processing,aspartate carbamoyltransferase catalytic subunit,Organic N uptake and assimilation,K00609,,"pyrB, PYR2",,,,,,,,
,Nutrient processing,carbamoyl-phosphate synthase / aspartate carbamoyltransferase / dihydroorotase,Organic N uptake and assimilation,K11540,,CAD,,,,,,,,
,Nutrient processing,carbamoyl-phosphate synthase large subunit,Organic N uptake and assimilation,K01955,,"carB, CPA2",,,,,,,,
,Nutrient processing,"fumarate hydratase, class II",Organic N uptake and assimilation,K01679,,fumC,,,,,,,,
,Nutrient Processing,"Arsenical resistance protein, arsH",P,,,,,,,,,,,
,Nutrient Processing,"Arsenite translocating ATPase, arsA",P,,,,,,,,,,,
,Nutrient Processing,PHO4-like (high affinity phosphate transporter),P,,,,,,,,,,,
,Nutrient processing,CDK inhibitor PHO81,P metabolism,K06653,,PHO81,,,,,,,,
,Nutrient processing,E3 ubiquitin-protein ligase BAH,P metabolism,K16275,,"BAH, NLA",,,,,,,,
,Nutrient processing,glycerophosphodiester phosphodiesterase,P metabolism,K18696,,GDE1,,,,,,,,
,Nutrient processing,ribose-phosphate pyrophosphokinase,P metabolism,K00948,,"PRPS, prsA",,,,,,,,
,Nutrient processing,tartrate-resistant acid phosphatase type 5,P metabolism,K14379,,ACP5,,,,,,,,
,Nutrient processing,pyruvate dehydrogenase E1 component alpha subunit ,PDH,K00161,,"PDHA, pdhA",,,,,,,,
,Nutrient processing,pyruvate dehydrogenase E1 component beta subunit ,PDH,K00162,,"PDHB, pdhB",,,,,,,,
,Phagotrophy,actin cytoskeleton-regulatory complex protein END3,Actin polymerization,K20048,,END3,,,,,,,,
,Phagotrophy,"actin related protein 2/3 complex, subunit 1A/1B",Actin polymerization,K05757,,ARPC1A_B,,,,,,,,
,Phagotrophy,"actin related protein 2/3 complex, subunit 2",Actin polymerization,K05758,,ARPC2,,,,,,,,
,Phagotrophy,"actin related protein 2/3 complex, subunit 3",Actin polymerization,K05756,,ARPC3,,,,,,,,
,Phagotrophy,"actin related protein 2/3 complex, subunit 4",Actin polymerization,K05755,,ARPC4,,,,,,,,
,Phagotrophy,"actin related protein 2/3 complex, subunit 5",Actin polymerization,K05754,,ARPC5,,,,,,,,
,Phagotrophy,actin-like protein 6B,Actin polymerization,K11652,,ACTL6B,,,,,,,,
,Phagotrophy,actin-related protein 10,Actin polymerization,K16576,,"ACTR10, ARP11",,,,,,,,
,Phagotrophy,actin-related protein 2,Actin polymerization,K17260,,"ACTR2, ARP2",,,,,,,,
,Phagotrophy,actin-related protein 3,Actin polymerization,K18584,,"ACTR3, ARP3",,,,,,,,
,Phagotrophy,actin-related protein 5,Actin polymerization,K11672,,"ACTR5, ARP5, INO80M",,,,,,,,
,Phagotrophy,actin-related protein 6,Actin polymerization,K11662,,"ACTR6, ARP6",,,,,,,,
,Phagotrophy,actin-related protein 8,Actin polymerization,K11673,,"ACTR8, ARP8, INO80N",,,,,,,,
,Phagotrophy,"actin, other eukaryote",Actin polymerization,K10355,,ACTF,,,,,,,,
,Phagotrophy,glucocorticoid receptor DNA-binding factor 1,Actin polymerization,K05732,,"ARHGAP35, GRLF1",,,,,,,,
,Phagotrophy,neural Wiskott-Aldrich syndrome protein,Actin polymerization,K23612,,WASL,,,,,,,,
,Phagotrophy,Rho GTPase-activating protein 1,Actin polymerization,K18470,,"ARHGAP1, CDC42GAP",,,,,,,,
,Phagotrophy,Rho GTPase-activating protein 10,Actin polymerization,K13736,,ARHGAP10,,,,,,,,
,Phagotrophy,Rho GTPase-activating protein 11,Actin polymerization,K20635,,ARHGAP11,,,,,,,,
,Phagotrophy,Rho GTPase-activating protein 12/27,Actin polymerization,K20636,,ARHGAP12_27,,,,,,,,
,Phagotrophy,Rho GTPase-activating protein 15,Actin polymerization,K20637,,ARHGAP15,,,,,,,,
,Phagotrophy,Rho GTPase-activating protein 17,Actin polymerization,K20638,,"ARHGAP17, RICH1",,,,,,,,
,Phagotrophy,Rho GTPase-activating protein 18/28/40,Actin polymerization,K20639,,ARHGAP18_28_40,,,,,,,,
,Phagotrophy,Rho GTPase-activating protein 20,Actin polymerization,K20641,,ARHGAP20,,,,,,,,
,Phagotrophy,Rho GTPase-activating protein 21/23,Actin polymerization,K20315,,ARHGAP21_23,,,,,,,,
,Phagotrophy,Rho GTPase-activating protein 22/24/25,Actin polymerization,K20642,,ARHGAP22_24_25,,,,,,,,
,Phagotrophy,Rho GTPase-activating protein 26,Actin polymerization,K20071,,"ARHGAP26, GRAF",,,,,,,,
,Phagotrophy,Rho GTPase-activating protein 29/45,Actin polymerization,K20644,,ARHGAP29_45,,,,,,,,
,Phagotrophy,Rho GTPase-activating protein 32,Actin polymerization,K20647,,ARHGAP32,,,,,,,,
,Phagotrophy,Rho GTPase-activating protein 39,Actin polymerization,K20649,,ARHGAP39,,,,,,,,
,Phagotrophy,Rho GTPase-activating protein 4,Actin polymerization,K20122,,ARHGAP4,,,,,,,,
,Phagotrophy,Rho GTPase-activating protein 42,Actin polymerization,K20651,,"ARHGAP42, GRAF3",,,,,,,,
,Phagotrophy,Rho GTPase-activating protein 44,Actin polymerization,K21067,,"ARHGAP44, RICH2",,,,,,,,
,Phagotrophy,Rho GTPase-activating protein 5,Actin polymerization,K13709,,ARHGAP5,,,,,,,,
,Phagotrophy,Rho GTPase-activating protein 6,Actin polymerization,K20631,,ARHGAP6,,,,,,,,
,Phagotrophy,Rho GTPase-activating protein 8,Actin polymerization,K20633,,"ARHGAP8, BPGAP1",,,,,,,,
,Phagotrophy,Rho GTPase-activating protein 9,Actin polymerization,K20634,,ARHGAP9,,,,,,,,
,Phagotrophy,"WAS protein family, member 1",Actin polymerization,K05753,,WASF1,,,,,,,,
,Phagotrophy,"WAS protein family, member 2",Actin polymerization,K05748,,WASF2,,,,,,,,
,Phagotrophy,"WAS protein family, member 3",Actin polymerization,K06083,,WASF3,,,,,,,,
,Phagotrophy,Wiskott-Aldrich syndrome protein,Actin polymerization,K05747,,WAS,,,,,,,,
,Phagotrophy,chitin synthase ,Chitinase,K00698,,CHS1,,,,,,,,
,Phagotrophy,chitinase ,Chitinase,K01183,,chitinase,,,,,,,,
,Phagotrophy,1-phosphatidylinositol-4-phosphate 5-kinase,Endocytosis,K00889,,PIP5K,,,,,,,,
,Phagotrophy,actin beta/gamma 1,Endocytosis,K05692,,actin beta/gamma 1,,,,,,,,
,Phagotrophy,ADP-ribosylation factor GTPase-activating protein 1,Endocytosis,K12492,,ARFGAP1,,,,,,,,
,Phagotrophy,Amphiphysin,Endocytosis,K12562,,AMPH,,,,,,,,
,Phagotrophy,AP-2 complex subunit alpha,Endocytosis,K11824,,AP2A,,,,,,,,
,Phagotrophy,Arf-GAP with coiled-coil ANK repeat and PH domain-containing protein,Endocytosis,K12489,,ACAP,,,,,,,,
,Phagotrophy,Brefeldin A-inhibited guanine nucleotide-exchange protein,Endocytosis,K18442,,"ARFGEF, BIG",,,,,,,,
,Phagotrophy,Charged multivesicular body protein 4,Endocytosis,K12194,,"CHMP4, SNF7, VPS32",,,,,,,,
,Phagotrophy,Charged multivesicular body protein 5,Endocytosis,K12198,,"CHMP5, VPS60",,,,,,,,
,Phagotrophy,Clathrin heavy chain,Endocytosis,K04646,,CLTC,,,,,,,,
,Phagotrophy,coronin-1A,Endocytosis,K13882,,coronin-1A,,,,,,,,
,Phagotrophy,EH domain-containing protein 1,Endocytosis,K12483,,EHD1,,,,,,,,
,Phagotrophy,Endocytosis,Endocytosis,K23484,,dynamin 2,,,,,,,,
,Phagotrophy,Endocytosis,Endocytosis,K04393,,Cdc42,,cell division control protein 42,,,,,,
,Phagotrophy,Endocytosis,Endocytosis,K04392,,RAC1,,Ras-related C3 botulinum toxin substrate 1,,,,,,
,Phagotrophy,Epsin,Endocytosis,K12471,,EPN,,,,,,,,
,Phagotrophy,Folate receptor,Endocytosis,K13649,,FOLR,,,,,,,,
,Phagotrophy,Golgi-specific brefeldin A-resistance guanine nucleotide exchange factor 1,Endocytosis,K18443,,GBF1,,,,,,,,
,Phagotrophy,Heat shock 70kDa protein 1/8,Endocytosis,K03283,,HSPA1_8,,,,,,,,
,Phagotrophy,"phosphatidylinositol-4,5-bisphosphate 3-kinase catalytic subunit gamma [EC:2.7.1.153]",Endocytosis,K21289,,PIK3CG,,,,,,,,
,Phagotrophy,phospholipase D1/2,Endocytosis,K01115,,phospholipase D1/2,,,,,,,,
,Phagotrophy,phospholipase D3/4,Endocytosis,K16860,,phospholipase D3/4,,,,,,,,
,Phagotrophy,Programmed cell death 6-interacting protein,Endocytosis,K12200,,"PDCD6IP, ALIX, RIM20",,,,,,,,
,Phagotrophy,Ras-related protein Rab-5C,Endocytosis,K07889,,RAB5C,,,,,,,,
,Phagotrophy,Ras-related protein Rab-8A,Endocytosis,K07901,,"RAB8A, MEL",,,,,,,,
,Phagotrophy,Sorting nexin-1/2,Endocytosis,K17917,,SNX1_2,,,,,,,,
,Phagotrophy,Stromal membrane-associated protein ‚Äö√Ñ√∂‚àö√ë‚àö¬®,Endocytosis,K12486,,SMAP ,,,,,,,,
,Phagotrophy,vesicle-associated membrane protein 3,Endocytosis,K13505,,vesicle-associated membrane protein 3,,,,,,,,
,Phagotrophy,WASH complex subunit strumpellin,Endocytosis,K18464,,"RTSC, SPG8",,,,,,,,
,Phagotrophy,Fatty acid biosynthesis,Fatty acid biosynthesis,K00645,,fabD,,[acyl-carrier-protein] S-malonyltransferase ,,,,,,
,Phagotrophy,Fatty acid biosynthesis,Fatty acid biosynthesis,K10251,,"HSD17B12, KAR, IFA38",,17beta-estradiol 17-dehydrogenase / very-long-chain 3-oxoacyl-CoA reductase ,,,,,,
,Phagotrophy,Fatty acid biosynthesis,Fatty acid biosynthesis,K01716,,fabA,,3-hydroxyacyl-[acyl-carrier protein] dehydratase / trans-2-decenoyl-[acyl-carrier protein] isomerase ,,,,,,
,Phagotrophy,Fatty acid biosynthesis,Fatty acid biosynthesis,K02372,,fabZ,,3-hydroxyacyl-[acyl-carrier-protein] dehydratase ,,,,,,
,Phagotrophy,Fatty acid biosynthesis,Fatty acid biosynthesis,K00022,,HADH,,3-hydroxyacyl-CoA dehydrogenase ,,,,,,
,Phagotrophy,Fatty acid biosynthesis,Fatty acid biosynthesis,K15397,,KCS,,3-ketoacyl-CoA synthase ,,,,,,
,Phagotrophy,Fatty acid biosynthesis,Fatty acid biosynthesis,K00059,,fabG,,3-oxoacyl-[acyl-carrier protein] reductase ,,,,,,
,Phagotrophy,Fatty acid biosynthesis,Fatty acid biosynthesis,K00647,,fabB,,3-oxoacyl-[acyl-carrier-protein] synthase I ,,,,,,
,Phagotrophy,Fatty acid biosynthesis,Fatty acid biosynthesis,K09458,,fabF,,3-oxoacyl-[acyl-carrier-protein] synthase II ,,,,,,
,Phagotrophy,Fatty acid biosynthesis,Fatty acid biosynthesis,K00648,,fabH,,3-oxoacyl-[acyl-carrier-protein] synthase III ,,,,,,
,Phagotrophy,Fatty acid biosynthesis,Fatty acid biosynthesis,K07509,,HADHB,,acetyl-CoA acyltransferase ,,,,,,
,Phagotrophy,Fatty acid biosynthesis,Fatty acid biosynthesis,K07508,,ACAA2,,acetyl-CoA acyltransferase 2 ,,,,,,
,Phagotrophy,Fatty acid biosynthesis,Fatty acid biosynthesis,K11262,,ACACA,,acetyl-CoA carboxylase / biotin carboxylase 1 ,,,,,,
,Phagotrophy,Fatty acid biosynthesis,Fatty acid biosynthesis,K02160,,"accB, bccP",,acetyl-CoA carboxylase biotin carboxyl carrier protein,,,,,,
,Phagotrophy,Fatty acid biosynthesis,Fatty acid biosynthesis,K01962,,accA,,acetyl-CoA carboxylase carboxyl transferase subunit alpha ,,,,,,
,Phagotrophy,Fatty acid biosynthesis,Fatty acid biosynthesis,K01963,,accD,,acetyl-CoA carboxylase carboxyl transferase subunit beta ,,,,,,
,Phagotrophy,Fatty acid biosynthesis,Fatty acid biosynthesis,K01961,,accC,,"acetyl-CoA carboxylase, biotin carboxylase subunit ",,,,,,
,Phagotrophy,Fatty acid biosynthesis,Fatty acid biosynthesis,K11263,,bccA,,"acetyl-CoA/propionyl-CoA carboxylase, biotin carboxylase, biotin carboxyl carrier protein ",,,,,,
,Phagotrophy,Fatty acid biosynthesis,Fatty acid biosynthesis,K10247,,ELOVL1,,elongation of very long chain fatty acids protein 1 ,,,,,,
,Phagotrophy,Fatty acid biosynthesis,Fatty acid biosynthesis,K10205,,ELOVL2,,elongation of very long chain fatty acids protein 2 ,,,,,,
,Phagotrophy,Fatty acid biosynthesis,Fatty acid biosynthesis,K10249,,ELOVL4,,elongation of very long chain fatty acids protein 4 ,,,,,,
,Phagotrophy,Fatty acid biosynthesis,Fatty acid biosynthesis,K10244,,ELOVL5,,elongation of very long chain fatty acids protein 5 ,,,,,,
,Phagotrophy,Fatty acid biosynthesis,Fatty acid biosynthesis,K10203,,ELOVL6,,elongation of very long chain fatty acids protein 6 ,,,,,,
,Phagotrophy,Fatty acid biosynthesis,Fatty acid biosynthesis,K10250,,ELOVL7,,elongation of very long chain fatty acids protein 7 ,,,,,,
,Phagotrophy,Fatty acid biosynthesis,Fatty acid biosynthesis,K00209,,"fabV, ter",,enoyl-[acyl-carrier protein] reductase / trans-2-enoyl-CoA reductase (NAD+) ,,,,,,
,Phagotrophy,Fatty acid biosynthesis,Fatty acid biosynthesis,K00208,,fabI,,enoyl-[acyl-carrier protein] reductase I ,,,,,,
,Phagotrophy,Fatty acid biosynthesis,Fatty acid biosynthesis,K02371,,fabK,,enoyl-[acyl-carrier protein] reductase II ,,,,,,
,Phagotrophy,Fatty acid biosynthesis,Fatty acid biosynthesis,K07511,,ECHS1,,enoyl-CoA hydratase ,,,,,,
,Phagotrophy,Fatty acid biosynthesis,Fatty acid biosynthesis,K07515,,HADHA,,enoyl-CoA hydratase / long-chain 3-hydroxyacyl-CoA dehydrogenase ,,,,,,
,Phagotrophy,Fatty acid biosynthesis,Fatty acid biosynthesis,K10246,,ELO3,,fatty acid elongase 3 ,,,,,,
,Phagotrophy,Fatty acid biosynthesis,Fatty acid biosynthesis,K00667,,FAS2,,"fatty acid synthase subunit alpha, fungi type ",,,,,,
,Phagotrophy,Fatty acid biosynthesis,Fatty acid biosynthesis,K00668,,FAS1,,"fatty acid synthase subunit beta, fungi type ",,,,,,
,Phagotrophy,Fatty acid biosynthesis,Fatty acid biosynthesis,K00665,,FASN,,"fatty acid synthase, animal type ",,,,,,
,Phagotrophy,Fatty acid biosynthesis,Fatty acid biosynthesis,K07512,,"MECR, NRBF1",,mitochondrial trans-2-enoyl-CoA reductase ,,,,,,
,Phagotrophy,Fatty acid biosynthesis,Fatty acid biosynthesis,K10703,,"PHS1, PAS2",,very-long-chain (3R)-3-hydroxyacyl-CoA dehydratase ,,,,,,
,Phagotrophy,Fatty acid biosynthesis,Fatty acid biosynthesis,K10258,,"TER, TSC13, CER10",,very-long-chain enoyl-CoA reductase ,,,,,,
,Phagotrophy,Fatty acid breakdown,Fatty acid breakdown,K00232,,"ACOX1, ACOX3",,acyl-CoA oxidase [EC:1.3.3.6],,,,,,
,Phagotrophy,Fatty acid breakdown,Fatty acid breakdown,K06445,,fadE,,acyl-CoA dehydrogenase [EC:1.3.99.-],,,,,,
,Phagotrophy,Fatty acid breakdown,Fatty acid breakdown,K00249,,"ACADM, acd",,acyl-CoA dehydrogenase [EC:1.3.8.7],,,,,,
,Phagotrophy,Fatty acid breakdown,Fatty acid breakdown,K00255,,ACADL,,long-chain-acyl-CoA dehydrogenase [EC:1.3.8.8],,,,,,
,Phagotrophy,Fatty acid breakdown,Fatty acid breakdown,K09479,,ACADVL,,very long chain acyl-CoA dehydrogenase [EC:1.3.8.9],,,,,,
,Phagotrophy,Fatty acid breakdown,Fatty acid breakdown,K01692,,"paaF, echA",,enoyl-CoA hydratase [EC:4.2.1.17],,,,,,
,Phagotrophy,Fatty acid breakdown,Fatty acid breakdown,K00022,,HADH,,3-hydroxyacyl-CoA dehydrogenase [EC:1.1.1.35],,,,,,
,Phagotrophy,Fatty acid breakdown,Fatty acid breakdown,K07516,,fadN,,3-hydroxyacyl-CoA dehydrogenase [EC:1.1.1.35],,,,,,
,Phagotrophy,Fatty acid breakdown,Fatty acid breakdown,K10527,,MFP2,,enoyl-CoA hydratase/3-hydroxyacyl-CoA dehydrogenase [EC:4.2.1.17 1.1.1.35 1.1.1.211],,,,,,
,Phagotrophy,Fatty acid breakdown,Fatty acid breakdown,K07514,,EHHADH,,"enoyl-CoA hydratase / 3-hydroxyacyl-CoA dehydrogenase / 3,2-trans-enoyl-CoA isomerase [EC:4.2.1.17 1.1.1.35 5.3.3.8]",,,,,,
,Phagotrophy,Fatty acid breakdown,Fatty acid breakdown,K01825,,fadB,,3-hydroxyacyl-CoA dehydrogenase / enoyl-CoA hydratase / 3-hydroxybutyryl-CoA epimerase / enoyl-CoA isomerase [EC:1.1.1.35 4.2.1.17 5.1.2.3 5.3.3.8],,,,,,
,Phagotrophy,Fatty acid breakdown,Fatty acid breakdown,K01782,,fadJ,,3-hydroxyacyl-CoA dehydrogenase / enoyl-CoA hydratase / 3-hydroxybutyryl-CoA epimerase [EC:1.1.1.35 4.2.1.17 5.1.2.3],,,,,,
,Phagotrophy,Fatty acid breakdown,Fatty acid breakdown,K07515,,HADHA,,enoyl-CoA hydratase / long-chain 3-hydroxyacyl-CoA dehydrogenase [EC:4.2.1.17 1.1.1.211],,,,,,
,Phagotrophy,Fatty acid breakdown,Fatty acid breakdown,K00248,,"ACADS, bcd",,butyryl-CoA dehydrogenase [EC:1.3.8.1],,,,,,
,Phagotrophy,Fatty acid breakdown,Fatty acid breakdown,K00632,,"fadA, fadI",,acetyl-CoA acyltransferase [EC:2.3.1.16],,,,,,
,Phagotrophy,Fatty acid breakdown,Fatty acid breakdown,K07508,,ACAA2,,acetyl-CoA acyltransferase 2 [EC:2.3.1.16],,,,,,
,Phagotrophy,Fatty acid breakdown,Fatty acid breakdown,K07509,,HADHB,,acetyl-CoA acyltransferase [EC:2.3.1.16],,,,,,
,Phagotrophy,Fatty acid breakdown,Fatty acid breakdown,K07513,,ACAA1,,acetyl-CoA acyltransferase 1 [EC:2.3.1.16],,,,,,
,Phagotrophy,Fatty acid breakdown,Fatty acid breakdown,K00626,,atoB,,acetyl-CoA C-acetyltransferase [EC:2.3.1.9],,,,,,
,Phagotrophy,Fatty acid breakdown,Fatty acid breakdown,K01897,,"ACSL, fadD",,long-chain acyl-CoA synthetase [EC:6.2.1.3],,,,,,
,Phagotrophy,Fatty acid breakdown,Fatty acid breakdown,K05894,,OPR,,12-oxophytodienoic acid reductase ,,,,,,
,Phagotrophy,Fatty acid breakdown,Fatty acid breakdown,K00022,,HADH,,3-hydroxyacyl-CoA dehydrogenase ,,,,,,
,Phagotrophy,Fatty acid breakdown,Fatty acid breakdown,K07516,,fadN,,3-hydroxyacyl-CoA dehydrogenase ,,,,,,
,Phagotrophy,Fatty acid breakdown,Fatty acid breakdown,K01782,,fadJ,,3-hydroxyacyl-CoA dehydrogenase / enoyl-CoA hydratase / 3-hydroxybutyryl-CoA epimerase ,,,,,,
,Phagotrophy,Fatty acid breakdown,Fatty acid breakdown,K01825,,fadB,,3-hydroxyacyl-CoA dehydrogenase / enoyl-CoA hydratase / 3-hydroxybutyryl-CoA epimerase / enoyl-CoA isomerase ,,,,,,
,Phagotrophy,Fatty acid breakdown,Fatty acid breakdown,K00019,,bdh,,3-hydroxybutyrate dehydrogenase ,,,,,,
,Phagotrophy,Fatty acid breakdown,Fatty acid breakdown,K01574,,adc,,acetoacetate decarboxylase ,,,,,,
,Phagotrophy,Fatty acid breakdown,Fatty acid breakdown,K00632,,"fadA, fadI",,acetyl-CoA acyltransferase ,,,,,,
,Phagotrophy,Fatty acid breakdown,Fatty acid breakdown,K07509,,HADHB,,acetyl-CoA acyltransferase ,,,,,,
,Phagotrophy,Fatty acid breakdown,Fatty acid breakdown,K07513,,ACAA1,,acetyl-CoA acyltransferase 1 ,,,,,,
,Phagotrophy,Fatty acid breakdown,Fatty acid breakdown,K07508,,ACAA2,,acetyl-CoA acyltransferase 2 ,,,,,,
,Phagotrophy,Fatty acid breakdown,Fatty acid breakdown,K00626,,atoB,,acetyl-CoA C-acetyltransferase ,,,,,,
,Phagotrophy,Fatty acid breakdown,Fatty acid breakdown,K00249,,"ACADM, acd",,acyl-CoA dehydrogenase ,,,,,,
,Phagotrophy,Fatty acid breakdown,Fatty acid breakdown,K06445,,fadE,,acyl-CoA dehydrogenase ,,,,,,
,Phagotrophy,Fatty acid breakdown,Fatty acid breakdown,K00232,,"ACOX1, ACOX3",,acyl-CoA oxidase ,,,,,,
,Phagotrophy,Fatty acid breakdown,Fatty acid breakdown,K10525,,AOC,,allene oxide cyclase ,,,,,,
,Phagotrophy,Fatty acid breakdown,Fatty acid breakdown,K01692,,"paaF, echA",,enoyl-CoA hydratase ,,,,,,
,Phagotrophy,Fatty acid breakdown,Fatty acid breakdown,K07511,,ECHS1,,enoyl-CoA hydratase ,,,,,,
,Phagotrophy,Fatty acid breakdown,Fatty acid breakdown,K07514,,EHHADH,,"enoyl-CoA hydratase / 3-hydroxyacyl-CoA dehydrogenase / 3,2-trans-enoyl-CoA isomerase ",,,,,,
,Phagotrophy,Fatty acid breakdown,Fatty acid breakdown,K07515,,HADHA,,enoyl-CoA hydratase / long-chain 3-hydroxyacyl-CoA dehydrogenase ,,,,,,
,Phagotrophy,Fatty acid breakdown,Fatty acid breakdown,K10527,,MFP2,,enoyl-CoA hydratase/3-hydroxyacyl-CoA dehydrogenase ,,,,,,
,Phagotrophy,Fatty acid breakdown,Fatty acid breakdown,K01640,,"HMGCL, hmgL",,hydroxymethylglutaryl-CoA lyase ,,,,,,
,Phagotrophy,Fatty acid breakdown,Fatty acid breakdown,K01641,,HMG-CoA synthase,,hydroxymethylglutaryl-CoA synthase ,,,,,,
,Phagotrophy,Fatty acid breakdown,Fatty acid breakdown,K00454,,LOX2S,,lipoxygenase ,,,,,,
,Phagotrophy,Fatty acid breakdown,Fatty acid breakdown,K01897,,"ACSL, fadD",,long-chain acyl-CoA synthetase ,,,,,,
,Phagotrophy,Fatty acid breakdown,Fatty acid breakdown,K00255,,ACADL,,long-chain-acyl-CoA dehydrogenase ,,,,,,
,Phagotrophy,Fatty acid breakdown,Fatty acid breakdown,K15013,,ACSBG,,long-chain-fatty-acid--CoA ligase ACSBG ,,,,,,
,Phagotrophy,Fatty acid breakdown,Fatty acid breakdown,K09479,,ACADVL,,very long chain acyl-CoA dehydrogenase ,,,,,,
,Phagotrophy,Fatty acid breakdown,Fatty acid breakdown,K05939,,aas,,acyl-[acyl-carrier-protein]-phospholipid O-acyltransferase / long-chain-fatty-acid--[acyl-carrier-protein] ligase [EC:2.3.1.40 6.2.1.20],,,,,,
,Phagotrophy,Fatty acid breakdown,Fatty acid breakdown,K20495,,CYP704B1,,long-chain fatty acid omega-monooxygenase [EC:1.14.14.80],,,,,,
,Phagotrophy,Fatty acid breakdown,Fatty acid breakdown,K15401,,CYP86A1,,fatty acid omega-hydroxylase [EC:1.14.-.-],,,,,,
,Phagotrophy,Fatty acid breakdown,Fatty acid breakdown,K00252,,"GCDH, gcdH",,glutaryl-CoA dehydrogenase,,,,,,
,Phagotrophy,Fatty acid breakdown,Fatty acid breakdown,K08765,,CPT1A,,"carnitine O-palmitoyltransferase 1, liver isoform [EC:2.3.1.21]",,,,,,
,Phagotrophy,Fatty acid breakdown,Fatty acid breakdown,K08766,,CPT2,,carnitine O-palmitoyltransferase 2 [EC:2.3.1.21],,,,,,
,Phagotrophy,Fatty acid breakdown,Fatty acid breakdown,K19524,,CPT1C,,"carnitine O-palmitoyltransferase 1, brain isoform [EC:2.3.1.21]",,,,,,
,Phagotrophy,cathepsin A (carboxypeptidase C) [EC:3.4.16.5],Lysosome binding and processing,K13289,,"CTSA, CPY",,,,,,,,
,Phagotrophy,cathepsin B [EC:3.4.22.1],Lysosome binding and processing,K01363,,CTSB,,,,,,,,
,Phagotrophy,cathepsin C [EC:3.4.14.1],Lysosome binding and processing,K01275,,CTSC,,,,,,,,
,Phagotrophy,cathepsin D [EC:3.4.23.5],Lysosome binding and processing,K01379,,CTSD,,,,,,,,
,Phagotrophy,cathepsin E [EC:3.4.23.34],Lysosome binding and processing,K01382,,CTSE,,,,,,,,
,Phagotrophy,cathepsin F [EC:3.4.22.41],Lysosome binding and processing,K01373,,CTSF,,,,,,,,
,Phagotrophy,cathepsin G [EC:3.4.21.20],Lysosome binding and processing,K01319,,CTSG,,,,,,,,
,Phagotrophy,cathepsin H [EC:3.4.22.16],Lysosome binding and processing,K01366,,CTSH,,,,,,,,
,Phagotrophy,cathepsin K [EC:3.4.22.38],Lysosome binding and processing,K01371,,CTSK,,,,,,,,
,Phagotrophy,cathepsin L [EC:3.4.22.15],Lysosome binding and processing,K01365,,CTSL,,,,,,,,
,Phagotrophy,cathepsin O [EC:3.4.22.42],Lysosome binding and processing,K01374,,CTSO,,,,,,,,
,Phagotrophy,cathepsin S [EC:3.4.22.27],Lysosome binding and processing,K01368,,CTSS,,,,,,,,
,Phagotrophy,cathepsin W [EC:3.4.22.-],Lysosome binding and processing,K08569,,CTSW,,,,,,,,
,Phagotrophy,cathepsin X [EC:3.4.18.1],Lysosome binding and processing,K08568,,CTSZ,,,,,,,,
,Phagotrophy,Lysosome associated,Lysosome binding and processing,K01288,,KEX1,,carboxypeptidase D ,,,,,,
,Phagotrophy,Lysosome associated,Lysosome binding and processing,K01285,,PRCP,,lysosomal Pro-X carboxypeptidase ,,,,,,
,Phagotrophy,Lysosome associated,Lysosome binding and processing,K06002,,PGA,,pepsin A ,,,,,,
,Phagotrophy,Lysosome associated,Lysosome binding and processing,K09646,,SCPEP1,,serine carboxypeptidase 1 ,,,,,,
,Phagotrophy,Lysosome associated,Lysosome binding and processing,K16296,,SCPL-I,,serine carboxypeptidase-like clade I ,,,,,,
,Phagotrophy,Lysosome associated,Lysosome binding and processing,K16297,,SCPL-II,,serine carboxypeptidase-like clade II ,,,,,,
,Phagotrophy,Lysosome associated,Lysosome binding and processing,K16298,,SCPL-IV,,serine carboxypeptidase-like clade IV ,,,,,,
,Phagotrophy,Lysosome associated,Lysosome binding and processing,K12391,,AP1G1,,AP-1 complex subunit gamma-1,,,,,,
,Phagotrophy,Lysosome associated,Lysosome binding and processing,K12396,,AP3D1,,AP-3 complex subunit delta-1,,,,,,
,Phagotrophy,Lysosome associated,Lysosome binding and processing,K12400,,AP4E1,,AP-4 complex subunit epsilon-1,,,,,,
,Phagotrophy,Lysosome associated,Lysosome binding and processing,K05656,,ABCB9 TAPL,,ATP-binding cassette subfamily B (MDR/TAP) member 9 ,,,,,,
,Phagotrophy,Lysosome associated,Lysosome binding and processing,K04646,,CLTC,,Clathrin heavy chain,,,,,,
,Phagotrophy,Lysosome associated,Lysosome binding and processing,K01074,,PPT,,Palmitoyl-protein thioesterase,,,,,,
,Phagotrophy,Lysosome associated,Lysosome binding and processing,K02155,,ATPeV0C ATP6L,,V-type H+-transporting ATPase 16kDa proteolipid subunit ,,,,,,
,Phagotrophy,Lysosome associated,Lysosome binding and processing,K03661,,ATPeV0B ATP6F,,V-type H+-transporting ATPase 21kDa proteolipid subunit ,,,,,,
,Phagotrophy,Lysosome associated,Lysosome binding and processing,K02154,,ATPeV0A ATP6N,,V-type H+-transporting ATPase subunit a ,,,,,,
,Phagotrophy,Lysosome associated,Lysosome binding and processing,K02146,,ATPeV0D ATP6D,,V-type H+-transporting ATPase subunit d,,,,,,
,Phagotrophy,Lysosome associated,Lysosome binding and processing,K02144,,ATPeV1H,,V-type H+-transporting ATPase subunit H,,,,,,
,Phagotrophy,Motility and prey recognition,Motility and prey recognition,K06560,,"mannose receptor, C type",,,,,,,,
,Phagotrophy,Motility and prey recognition,Motility and prey recognition,K06256,,CD44,,,,,,,,
,Phagotrophy,Motility and prey recognition,Motility and prey recognition,K06259,,CD36 antigen,,,,,,,,
,Phagotrophy,Motility and prey recognition,Motility and prey recognition,K00914,,"PIK3C3, VPS34",,phosphatidylinositol 3-kinase [EC:2.7.1.137],,,,,,
,Phagotrophy,Motility and prey recognition,Motility and prey recognition,K01114,,phospholipase C,,,,,,,,
,Phagotrophy,Motility and prey recognition,Motility and prey recognition,K05700,,vinculin ,,,,,,,,
,Phagotrophy,calnexin,Phagosome maturation,K08054,,calnexin,,,,,,,,
,Phagotrophy,calreticulin,Phagosome maturation,K08057,,calreticulin,,,,,,,,
,Phagotrophy,early endosome antigen 1,Phagosome maturation,K12478,,early endosome antigen 1,,,,,,,,
,Phagotrophy,Phagosome associated,Phagosome maturation,K12182,,hepatocyte growth factor-regulated tyrosine kinase substrate,,hepatocyte growth factor-regulated tyrosine kinase substrate,,,,,,
,Phagotrophy,Phagosome associated,Phagosome maturation,K07897,,Ras-related protein Rab-7A,,Ras-related protein Rab-7A,,,,,,
,Phagotrophy,Phagosome associated,Phagosome maturation,K07898,,Ras-related protein Rab-7B,,Ras-related protein Rab-7B,,,,,,
,Phagotrophy,Phagosome associated,Phagosome maturation,K13883,,Rab-interacting lysosomal protein,,Rab-interacting lysosomal protein,,,,,,
,Phagotrophy,Phagosome associated,Phagosome maturation,K10413,,"dynein heavy chain 1, cytosolic",,"dynein heavy chain 1, cytosolic",,,,,,
,Phagotrophy,Phagosome associated,Phagosome maturation,K10414,,"dynein heavy chain 2, cytosolic",,"dynein heavy chain 2, cytosolic",,,,,,
,Phagotrophy,Phagosome associated,Phagosome maturation,K10415,,"dynein intermediate chain, cytosolic",,"dynein intermediate chain, cytosolic",,,,,,
,Phagotrophy,Phagosome associated,Phagosome maturation,K10416,,"dynein light intermediate chain 1, cytosolic",,"dynein light intermediate chain 1, cytosolic",,,,,,
,Phagotrophy,Phagosome associated,Phagosome maturation,K07374,,tubulin alpha,,tubulin alpha,,,,,,
,Phagotrophy,Phagosome associated,Phagosome maturation,K07375,,tubulin beta,,tubulin beta,,,,,,
,Phagotrophy,Phagosome associated,Phagosome maturation,K08488,,syntaxin 7,,syntaxin 7,,,,,,
,Phagotrophy,Phagosome associated,Phagosome maturation,K07198,,"PRKAA, AMPK",,AMP-activated protein kinase catalytic alpha subunit,,,,,,
,Phagotrophy,Phagosome associated,Phagosome maturation,K08339,,ATG5,,Autophagy-related protein 5,,,,,,
,Phagotrophy,Phagosome associated,Phagosome maturation,K08334,,"BECN1, VPS30, ATG6",,Beclin 1,,,,,,
,Phagotrophy,Phagosome associated,Phagosome maturation,K08342,,ATG,,Cysteine protease ATG4,,,,,,
,Phagotrophy,Phagosome associated,Phagosome maturation,K00914,,"PIK3C3, VPS34",,Phosphatidylinositol 3-kinase,,,,,,
,Phagotrophy,Phagosome associated,Phagosome maturation,K08333,,"PIK3R4, VPS15",,phosphoinositide-3-kinase regulatory subunit 4,,,,,,
,Phagotrophy,Phagosome associated,Phagosome maturation,K08269,,"ULK1_2_3, ATG1",,serine/threonine-protein kinase ULK/ATG1 ,,,,,,
,Phagotrophy,Phagosome associated,Phagosome maturation,K06528,,lysosomal-associated membrane protein 1/2,,lysosomal-associated membrane protein 1/2,,,,,,
,Phagotrophy,Phagosome associated,Phagosome maturation,K00921,,1-phosphatidylinositol-3-phosphate 5-kinase [EC:2.7.1.150],,1-phosphatidylinositol-3-phosphate 5-kinase [EC:2.7.1.150],,,,,,
,Phagotrophy,Phagosome associated,Phagosome maturation,K10089,,cation-dependent mannose-6-phosphate receptor,,cation-dependent mannose-6-phosphate receptor,,,,,,
,Phagotrophy,Phagosome associated,Phagosome maturation,K13240,,"nitric-oxide synthase, brain [EC:1.14.13.39]",,"nitric-oxide synthase, brain [EC:1.14.13.39]",,,,,,
,Phagotrophy,Phagosome associated,Phagosome maturation,K10789,,myeloperoxidase [EC:1.11.2.2],,myeloperoxidase [EC:1.11.2.2],,,,,,
,Phagotrophy,Phagosome associated,Phagosome maturation,K10956,,protein transport protein SEC61 subunit alpha,,protein transport protein SEC61 subunit alpha,,,,,,
,Phagotrophy,Phagosome associated,Phagosome maturation,K09481,,protein transport protein SEC61 subunit beta,,protein transport protein SEC61 subunit beta,,,,,,
,Phagotrophy,Phagosome associated,Phagosome maturation,K07342,,protein transport protein SEC61 subunit gamma and related proteins,,protein transport protein SEC61 subunit gamma and related proteins,,,,,,
,Phagotrophy,Phagosome associated,Phagosome maturation,K05653,,"ATP-binding cassette, subfamily B (MDR/TAP), member 2",,"ATP-binding cassette, subfamily B (MDR/TAP), member 2",,,,,,
,Phagotrophy,Phagosome associated,Phagosome maturation,K05654,,"ATP-binding cassette, subfamily B (MDR/TAP), member 3",,"ATP-binding cassette, subfamily B (MDR/TAP), member 3",,,,,,
,Phagotrophy,Phagosome associated,Phagosome maturation,K06751,,MHC class I antigen,,MHC class I antigen,,,,,,
,Phagotrophy,Phagosome associated,Phagosome maturation,K06752,,MHC class II antigen,,MHC class II antigen,,,,,,
,Phagotrophy,Phagosome associated,Phagosome maturation,K00921,,PIKFYVE FAB1,,1-phosphatidylinositol-3-phosphate 5-kinase,,,,,,
,Phagotrophy,Phagosome associated,Phagosome maturation,K08054,,CANX,,Calnexin,,,,,,
,Phagotrophy,Phagosome associated,Phagosome maturation,K08057,,CALR,,Calreticulin,,,,,,
,Phagotrophy,Phagosome associated,Phagosome maturation,K01365,,CTSL,,Cathepsin L,,,,,,
,Phagotrophy,Phagosome associated,Phagosome maturation,K10414,,DYNC2H DNCH2,,dynein heavy chain 2 cytosolic,,,,,,
,Phagotrophy,Phagosome associated,Phagosome maturation,K10956,,SEC61A,,Protein transport protein SEC61 subunit alpha,,,,,,
,Phagotrophy,Phagosome associated,Phagosome maturation,K07374,,TUBA,,Tubulin alpha,,,,,,
,Phagotrophy,Phagosome associated,Phagosome maturation,K03661,,ATPeV0B ATP6F,,V-type H+-transporting ATPase 21kDa proteolipid subunit,,,,,,
,Phagotrophy,phosphatidylinositol 3-kinase [EC:2.7.1.137],Phagosome maturation,K00914,,phosphatidylinositol 3-kinase,,,,,,,,
,Phagotrophy,Ras-related protein Rab-5A,Phagosome maturation,K07887,,Rab-5A,,,,,,,,
,Phagotrophy,Ras-related protein Rab-5B,Phagosome maturation,K07888,,Rab-5B,,,,,,,,
,Phagotrophy,Ras-related protein Rab-5C,Phagosome maturation,K07889,,Rab-5C,,,,,,,,
,Phagotrophy,syntaxin 12/13,Phagosome maturation,K13813,,syntaxin 12/13,,,,,,,,
,Phagotrophy,transferrin receptor,Phagosome maturation,K06503,,transferrin receptor,,,,,,,,
,Phagotrophy,SNARE complex,SNARE complex,K13814,,TSNARE1,,t-SNARE domain-containing protein 1,,,,,,
,Phagotrophy,SNARE complex,SNARE complex,K04560,,syntaxin 1A,,syntaxin 1A,,,,,,
,Phagotrophy,SNARE complex,SNARE complex,K08486,,syntaxin 1B/2/3,,syntaxin 1B/2/3,,,,,,
,Phagotrophy,SNARE complex,SNARE complex,K13502,,syntaxin 4,,syntaxin 4,,,,,,
,Phagotrophy,SNARE complex,SNARE complex,K08487,,syntaxin 11,,syntaxin 11,,,,,,
,Phagotrophy,SNARE complex,SNARE complex,K08488,,syntaxin 7,,syntaxin 7,,,,,,
,Phagotrophy,SNARE complex,SNARE complex,K21155,,syntaxin VAM3,,syntaxin VAM3,,,,,,
,Phagotrophy,SNARE complex,SNARE complex,K08489,,syntaxin 16,,syntaxin 16,,,,,,
,Phagotrophy,SNARE complex,SNARE complex,K08490,,syntaxin 5,,syntaxin 5,,,,,,
,Phagotrophy,SNARE complex,SNARE complex,K08491,,syntaxin 17,,syntaxin 17,,,,,,
,Phagotrophy,SNARE complex,SNARE complex,K08492,,syntaxin 18,,syntaxin 18,,,,,,
,Phagotrophy,SNARE complex,SNARE complex,K08493,,vesicle transport through interaction with t-SNAREs 1,,vesicle transport through interaction with t-SNAREs 1,,,,,,
,Phagotrophy,SNARE complex,SNARE complex,K08495,,golgi SNAP receptor complex member 1,,golgi SNAP receptor complex member 1,,,,,,
,Phagotrophy,SNARE complex,SNARE complex,K08496,,golgi SNAP receptor complex member 2,,golgi SNAP receptor complex member 2,,,,,,
,Phagotrophy,SNARE complex,SNARE complex,K08497,,protein transport protein SEC20,,protein transport protein SEC20,,,,,,
,Phagotrophy,SNARE complex,SNARE complex,K08498,,syntaxin 6,,syntaxin 6,,,,,,
,Phagotrophy,SNARE complex,SNARE complex,K08499,,member of the syntaxin family of t-SNAREs,,member of the syntaxin family of t-SNAREs,,,,,,
,Phagotrophy,SNARE complex,SNARE complex,K08500,,syntaxin of plants SYP6,,syntaxin of plants SYP6,,,,,,
,Phagotrophy,SNARE complex,SNARE complex,K08501,,syntaxin 8,,syntaxin 8,,,,,,
,Phagotrophy,SNARE complex,SNARE complex,K08502,,regulator of vacuolar morphogenesis,,regulator of vacuolar morphogenesis,,,,,,
,Phagotrophy,SNARE complex,SNARE complex,K08503,,syntaxin of plants SYP5,,syntaxin of plants SYP5,,,,,,
,Phagotrophy,SNARE complex,SNARE complex,K08504,,blocked early in transport 1,,blocked early in transport 1,,,,,,
,Phagotrophy,SNARE complex,SNARE complex,K08505,,protein transport protein SFT1,,protein transport protein SFT1,,,,,,
,Phagotrophy,SNARE complex,SNARE complex,K08506,,syntaxin of plants SYP7,,syntaxin of plants SYP7,,,,,,
,Phagotrophy,SNARE complex,SNARE complex,K08507,,unconventional SNARE in the endoplasmic reticulum protein 1,,unconventional SNARE in the endoplasmic reticulum protein 1,,,,,,
,Phagotrophy,SNARE complex,SNARE complex,K08508,,synaptosomal-associated protein 23,,synaptosomal-associated protein 23,,,,,,
,Phagotrophy,SNARE complex,SNARE complex,K08509,,synaptosomal-associated protein 29,,synaptosomal-associated protein 29,,,,,,
,Phagotrophy,SNARE complex,SNARE complex,K08510,,vesicle-associated membrane protein 1,,vesicle-associated membrane protein 1,,,,,,
,Phagotrophy,SNARE complex,SNARE complex,K13504,,vesicle-associated membrane protein 2,,vesicle-associated membrane protein 2,,,,,,
,Phagotrophy,SNARE complex,SNARE complex,K13505,,vesicle-associated membrane protein 3,,vesicle-associated membrane protein 3,,,,,,
,Phagotrophy,SNARE complex,SNARE complex,K08512,,vesicle-associated membrane protein 8,,vesicle-associated membrane protein 8,,,,,,
,Phagotrophy,SNARE complex,SNARE complex,K08513,,vesicle-associated membrane protein 4,,vesicle-associated membrane protein 4,,,,,,
,Phagotrophy,SNARE complex,SNARE complex,K08514,,vesicle-associated membrane protein 5,,vesicle-associated membrane protein 5,,,,,,
,Phagotrophy,SNARE complex,SNARE complex,K08515,,vesicle-associated membrane protein 7,,vesicle-associated membrane protein 7,,,,,,
,Phagotrophy,SNARE complex,SNARE complex,K08516,,synaptobrevin homolog YKT6,,synaptobrevin homolog YKT6,,,,,,
,Phagotrophy,SNARE complex,SNARE complex,K08517,,vesicle transport protein SEC22,,vesicle transport protein SEC22,,,,,,
,Phagotrophy,V-type ATPase,V-type ATPase,K02144,,ATPeV1H,,V-type H+-transporting ATPase subunit H,,,,,,
,Phagotrophy,V-type ATPase,V-type ATPase,K02145,,"ATPeV1A, ATP6A",,V-type H+-transporting ATPase subunit A ,,,,,,
,Phagotrophy,V-type ATPase,V-type ATPase,K02146,,"ATPeV0D, ATP6D",,V-type H+-transporting ATPase subunit d,,,,,,
,Phagotrophy,V-type ATPase,V-type ATPase,K02147,,"ATPeV1B, ATP6B",,V-type H+-transporting ATPase subunit B,,,,,,
,Phagotrophy,V-type ATPase,V-type ATPase,K02148,,"ATPeV1C, ATP6C",,V-type H+-transporting ATPase subunit C,,,,,,
,Phagotrophy,V-type ATPase,V-type ATPase,K02149,,"ATPeV1D, ATP6M",,V-type H+-transporting ATPase subunit D,,,,,,
,Phagotrophy,V-type ATPase,V-type ATPase,K02150,,"ATPeV1E, ATP6E",,V-type H+-transporting ATPase subunit E,,,,,,
,Phagotrophy,V-type ATPase,V-type ATPase,K02151,,"ATPeV1F, ATP6S14",,V-type H+-transporting ATPase subunit F,,,,,,
,Phagotrophy,V-type ATPase,V-type ATPase,K02152,,"ATPeV1G, ATP6G",,V-type H+-transporting ATPase subunit G,,,,,,
,Phagotrophy,V-type ATPase,V-type ATPase,K02153,,"ATPeV0E, ATP6H",,V-type H+-transporting ATPase subunit e,,,,,,
,Phagotrophy,V-type ATPase,V-type ATPase,K02154,,"ATPeV0A, ATP6N",,V-type H+-transporting ATPase subunit a,,,,,,
,Phagotrophy,V-type ATPase,V-type ATPase,K02155,,"ATPeV0C, ATP6L",,V-type H+-transporting ATPase 16kDa proteolipid subunit,,,,,,
,Phagotrophy,V-type ATPase,V-type ATPase,K03661,,"ATPeV0B, ATP6F",,V-type H+-transporting ATPase 21kDa proteolipid subunit,,,,,,
,Phagotrophy,V-type ATPase,V-type ATPase,K03662,,"ATPeVS1, ATP6S1",,V-type H+-transporting ATPase S1 subunit,,,,,,
,Glycosaminoglycan,,,,,GAGs,,,"GAGs are large complex carbohydrates that can be involved in cell adhesion, gell growth, differentiation Gandi & Mancera, 2008.","Haley et al. 2017; upregulated with low nutrient, strategies discussed.",,,,
,,,,,,sulfatases,,,,"Haley et al. 2017; upregulated with low nutrient, strategies discussed.",,,,
,,,,,,sulfotransferases,,,,"Haley et al. 2017; upregulated with low nutrient, strategies discussed.",,,,
,,,,,,GAG-like proteins,,,,"Haley et al. 2017; upregulated with low nutrient, strategies discussed.",,,,